,batch_tom,Run,Regular average,Regular times,Time steps,ToM average,ToM times,configuration,save_plots,batch_run,batch_panic,width,height,N
0,0,0,32.36842105263158,"[15, 20, 23, 26, 27, 28, 29, 29, 30, 31, 32, 34, 35, 36, 39, 42, 43, 47, 49]",200,0.0,[],"{'dimensions': (500, 500), 'num_agents': 20, 'theory_of_mind': 5, 'panic_dynamic': [3, 4], 'agent_boundaries': [25, 475, 115, 475], 'obstacles': [<src.model.entities.Obstacle.Obstacle object at 0x11E5B1F0>, <src.model.entities.Obstacle.Obstacle object at 0x11E5B220>, <src.model.entities.Obstacle.Obstacle object at 0x11E5B250>, <src.model.entities.Obstacle.Obstacle object at 0x11E5B280>], 'exits': [<src.model.entities.Exit.Exit object at 0x11E5B2B0>, <src.model.entities.Exit.Exit object at 0x11E5B2E0>], 'hazard': <src.model.entities.Hazard.Hazard object at 0x11E5B310>}",False,True,"[0, 0]",500,500,20
1,0,1,29.75,"[12, 14, 16, 18, 20, 22, 24, 25, 26, 28, 30, 31, 31, 33, 38, 42, 44, 45, 47, 49]",50,0.0,[],"{'dimensions': (500, 500), 'num_agents': 20, 'theory_of_mind': 5, 'panic_dynamic': [3, 4], 'agent_boundaries': [25, 475, 115, 475], 'obstacles': [<src.model.entities.Obstacle.Obstacle object at 0x11E5B1F0>, <src.model.entities.Obstacle.Obstacle object at 0x11E5B220>, <src.model.entities.Obstacle.Obstacle object at 0x11E5B250>, <src.model.entities.Obstacle.Obstacle object at 0x11E5B280>], 'exits': [<src.model.entities.Exit.Exit object at 0x11E5B2B0>, <src.model.entities.Exit.Exit object at 0x11E5B2E0>], 'hazard': <src.model.entities.Hazard.Hazard object at 0x11E5B310>}",False,True,"[0, 0]",500,500,20
2,0,2,29.5,"[14, 16, 18, 20, 22, 24, 26, 26, 28, 30, 30, 31, 32, 33, 35, 37, 38, 40, 44, 46]",47,0.0,[],"{'dimensions': (500, 500), 'num_agents': 20, 'theory_of_mind': 5, 'panic_dynamic': [3, 4], 'agent_boundaries': [25, 475, 115, 475], 'obstacles': [<src.model.entities.Obstacle.Obstacle object at 0x11E5B1F0>, <src.model.entities.Obstacle.Obstacle object at 0x11E5B220>, <src.model.entities.Obstacle.Obstacle object at 0x11E5B250>, <src.model.entities.Obstacle.Obstacle object at 0x11E5B280>], 'exits': [<src.model.entities.Exit.Exit object at 0x11E5B2B0>, <src.model.entities.Exit.Exit object at 0x11E5B2E0>], 'hazard': <src.model.entities.Hazard.Hazard object at 0x11E5B310>}",False,True,"[0, 0]",500,500,20
3,0,3,29.8,"[11, 16, 20, 22, 24, 25, 26, 28, 28, 30, 32, 32, 34, 35, 35, 37, 38, 39, 40, 44]",45,0.0,[],"{'dimensions': (500, 500), 'num_agents': 20, 'theory_of_mind': 5, 'panic_dynamic': [3, 4], 'agent_boundaries': [25, 475, 115, 475], 'obstacles': [<src.model.entities.Obstacle.Obstacle object at 0x11E5B1F0>, <src.model.entities.Obstacle.Obstacle object at 0x11E5B220>, <src.model.entities.Obstacle.Obstacle object at 0x11E5B250>, <src.model.entities.Obstacle.Obstacle object at 0x11E5B280>], 'exits': [<src.model.entities.Exit.Exit object at 0x11E5B2B0>, <src.model.entities.Exit.Exit object at 0x11E5B2E0>], 'hazard': <src.model.entities.Hazard.Hazard object at 0x11E5B310>}",False,True,"[0, 0]",500,500,20
4,0,4,29.35,"[13, 15, 17, 19, 23, 25, 25, 27, 27, 29, 31, 32, 33, 33, 34, 36, 38, 41, 43, 46]",47,0.0,[],"{'dimensions': (500, 500), 'num_agents': 20, 'theory_of_mind': 5, 'panic_dynamic': [3, 4], 'agent_boundaries': [25, 475, 115, 475], 'obstacles': [<src.model.entities.Obstacle.Obstacle object at 0x11E5B1F0>, <src.model.entities.Obstacle.Obstacle object at 0x11E5B220>, <src.model.entities.Obstacle.Obstacle object at 0x11E5B250>, <src.model.entities.Obstacle.Obstacle object at 0x11E5B280>], 'exits': [<src.model.entities.Exit.Exit object at 0x11E5B2B0>, <src.model.entities.Exit.Exit object at 0x11E5B2E0>], 'hazard': <src.model.entities.Hazard.Hazard object at 0x11E5B310>}",False,True,"[0, 0]",500,500,20
5,1,5,31.31578947368421,"[15, 17, 19, 21, 23, 25, 27, 28, 29, 31, 33, 33, 37, 37, 40, 42, 44, 46, 48]",51,50.0,[50],"{'dimensions': (500, 500), 'num_agents': 20, 'theory_of_mind': 5, 'panic_dynamic': [3, 4], 'agent_boundaries': [25, 475, 115, 475], 'obstacles': [<src.model.entities.Obstacle.Obstacle object at 0x11E5B1F0>, <src.model.entities.Obstacle.Obstacle object at 0x11E5B220>, <src.model.entities.Obstacle.Obstacle object at 0x11E5B250>, <src.model.entities.Obstacle.Obstacle object at 0x11E5B280>], 'exits': [<src.model.entities.Exit.Exit object at 0x11E5B2B0>, <src.model.entities.Exit.Exit object at 0x11E5B2E0>], 'hazard': <src.model.entities.Hazard.Hazard object at 0x11E5B310>}",False,True,"[0, 0]",500,500,20
6,1,6,34.888888888888886,"[11, 13, 18, 19, 28, 30, 32, 33, 34, 38, 41, 43, 43, 45, 47, 49, 51, 53]",200,16.0,[16],"{'dimensions': (500, 500), 'num_agents': 20, 'theory_of_mind': 5, 'panic_dynamic': [3, 4], 'agent_boundaries': [25, 475, 115, 475], 'obstacles': [<src.model.entities.Obstacle.Obstacle object at 0x11E5B1F0>, <src.model.entities.Obstacle.Obstacle object at 0x11E5B220>, <src.model.entities.Obstacle.Obstacle object at 0x11E5B250>, <src.model.entities.Obstacle.Obstacle object at 0x11E5B280>], 'exits': [<src.model.entities.Exit.Exit object at 0x11E5B2B0>, <src.model.entities.Exit.Exit object at 0x11E5B2E0>], 'hazard': <src.model.entities.Hazard.Hazard object at 0x11E5B310>}",False,True,"[0, 0]",500,500,20
7,1,7,30.42105263157895,"[11, 15, 17, 19, 23, 26, 28, 30, 30, 32, 33, 35, 36, 36, 38, 40, 42, 42, 45]",46,21.0,[21],"{'dimensions': (500, 500), 'num_agents': 20, 'theory_of_mind': 5, 'panic_dynamic': [3, 4], 'agent_boundaries': [25, 475, 115, 475], 'obstacles': [<src.model.entities.Obstacle.Obstacle object at 0x11E5B1F0>, <src.model.entities.Obstacle.Obstacle object at 0x11E5B220>, <src.model.entities.Obstacle.Obstacle object at 0x11E5B250>, <src.model.entities.Obstacle.Obstacle object at 0x11E5B280>], 'exits': [<src.model.entities.Exit.Exit object at 0x11E5B2B0>, <src.model.entities.Exit.Exit object at 0x11E5B2E0>], 'hazard': <src.model.entities.Hazard.Hazard object at 0x11E5B310>}",False,True,"[0, 0]",500,500,20
8,1,8,28.263157894736842,"[13, 15, 17, 19, 21, 23, 24, 26, 27, 28, 29, 30, 31, 36, 37, 38, 40, 41, 42]",43,32.0,[32],"{'dimensions': (500, 500), 'num_agents': 20, 'theory_of_mind': 5, 'panic_dynamic': [3, 4], 'agent_boundaries': [25, 475, 115, 475], 'obstacles': [<src.model.entities.Obstacle.Obstacle object at 0x11E5B1F0>, <src.model.entities.Obstacle.Obstacle object at 0x11E5B220>, <src.model.entities.Obstacle.Obstacle object at 0x11E5B250>, <src.model.entities.Obstacle.Obstacle object at 0x11E5B280>], 'exits': [<src.model.entities.Exit.Exit object at 0x11E5B2B0>, <src.model.entities.Exit.Exit object at 0x11E5B2E0>], 'hazard': <src.model.entities.Hazard.Hazard object at 0x11E5B310>}",False,True,"[0, 0]",500,500,20
9,1,9,29.57894736842105,"[12, 15, 17, 19, 21, 22, 24, 28, 29, 30, 31, 32, 34, 36, 40, 40, 42, 44, 46]",47,42.0,[42],"{'dimensions': (500, 500), 'num_agents': 20, 'theory_of_mind': 5, 'panic_dynamic': [3, 4], 'agent_boundaries': [25, 475, 115, 475], 'obstacles': [<src.model.entities.Obstacle.Obstacle object at 0x11E5B1F0>, <src.model.entities.Obstacle.Obstacle object at 0x11E5B220>, <src.model.entities.Obstacle.Obstacle object at 0x11E5B250>, <src.model.entities.Obstacle.Obstacle object at 0x11E5B280>], 'exits': [<src.model.entities.Exit.Exit object at 0x11E5B2B0>, <src.model.entities.Exit.Exit object at 0x11E5B2E0>], 'hazard': <src.model.entities.Hazard.Hazard object at 0x11E5B310>}",False,True,"[0, 0]",500,500,20
10,2,10,30.666666666666668,"[15, 17, 19, 21, 23, 25, 28, 30, 30, 32, 34, 34, 36, 38, 40, 42, 44, 44]",45,37.0,"[32, 42]","{'dimensions': (500, 500), 'num_agents': 20, 'theory_of_mind': 5, 'panic_dynamic': [3, 4], 'agent_boundaries': [25, 475, 115, 475], 'obstacles': [<src.model.entities.Obstacle.Obstacle object at 0x11E5B1F0>, <src.model.entities.Obstacle.Obstacle object at 0x11E5B220>, <src.model.entities.Obstacle.Obstacle object at 0x11E5B250>, <src.model.entities.Obstacle.Obstacle object at 0x11E5B280>], 'exits': [<src.model.entities.Exit.Exit object at 0x11E5B2B0>, <src.model.entities.Exit.Exit object at 0x11E5B2E0>], 'hazard': <src.model.entities.Hazard.Hazard object at 0x11E5B310>}",False,True,"[0, 0]",500,500,20
11,2,11,33.388888888888886,"[12, 14, 16, 18, 20, 26, 29, 31, 33, 38, 41, 41, 43, 45, 47, 48, 49, 50]",51,41.0,"[39, 43]","{'dimensions': (500, 500), 'num_agents': 20, 'theory_of_mind': 5, 'panic_dynamic': [3, 4], 'agent_boundaries': [25, 475, 115, 475], 'obstacles': [<src.model.entities.Obstacle.Obstacle object at 0x11E5B1F0>, <src.model.entities.Obstacle.Obstacle object at 0x11E5B220>, <src.model.entities.Obstacle.Obstacle object at 0x11E5B250>, <src.model.entities.Obstacle.Obstacle object at 0x11E5B280>], 'exits': [<src.model.entities.Exit.Exit object at 0x11E5B2B0>, <src.model.entities.Exit.Exit object at 0x11E5B2E0>], 'hazard': <src.model.entities.Hazard.Hazard object at 0x11E5B310>}",False,True,"[0, 0]",500,500,20
12,2,12,29.176470588235293,"[15, 17, 20, 22, 24, 26, 27, 27, 29, 30, 31, 33, 35, 38, 40, 40, 42]",200,36.5,"[36, 37]","{'dimensions': (500, 500), 'num_agents': 20, 'theory_of_mind': 5, 'panic_dynamic': [3, 4], 'agent_boundaries': [25, 475, 115, 475], 'obstacles': [<src.model.entities.Obstacle.Obstacle object at 0x11E5B1F0>, <src.model.entities.Obstacle.Obstacle object at 0x11E5B220>, <src.model.entities.Obstacle.Obstacle object at 0x11E5B250>, <src.model.entities.Obstacle.Obstacle object at 0x11E5B280>], 'exits': [<src.model.entities.Exit.Exit object at 0x11E5B2B0>, <src.model.entities.Exit.Exit object at 0x11E5B2E0>], 'hazard': <src.model.entities.Hazard.Hazard object at 0x11E5B310>}",False,True,"[0, 0]",500,500,20
13,2,13,31.333333333333332,"[13, 16, 19, 21, 23, 27, 29, 31, 32, 33, 34, 36, 36, 37, 40, 43, 46, 48]",49,27.5,"[26, 29]","{'dimensions': (500, 500), 'num_agents': 20, 'theory_of_mind': 5, 'panic_dynamic': [3, 4], 'agent_boundaries': [25, 475, 115, 475], 'obstacles': [<src.model.entities.Obstacle.Obstacle object at 0x11E5B1F0>, <src.model.entities.Obstacle.Obstacle object at 0x11E5B220>, <src.model.entities.Obstacle.Obstacle object at 0x11E5B250>, <src.model.entities.Obstacle.Obstacle object at 0x11E5B280>], 'exits': [<src.model.entities.Exit.Exit object at 0x11E5B2B0>, <src.model.entities.Exit.Exit object at 0x11E5B2E0>], 'hazard': <src.model.entities.Hazard.Hazard object at 0x11E5B310>}",False,True,"[0, 0]",500,500,20
14,2,14,30.27777777777778,"[14, 16, 18, 20, 23, 26, 28, 28, 30, 32, 34, 34, 36, 38, 39, 42, 43, 44]",47,39.0,"[32, 46]","{'dimensions': (500, 500), 'num_agents': 20, 'theory_of_mind': 5, 'panic_dynamic': [3, 4], 'agent_boundaries': [25, 475, 115, 475], 'obstacles': [<src.model.entities.Obstacle.Obstacle object at 0x11E5B1F0>, <src.model.entities.Obstacle.Obstacle object at 0x11E5B220>, <src.model.entities.Obstacle.Obstacle object at 0x11E5B250>, <src.model.entities.Obstacle.Obstacle object at 0x11E5B280>], 'exits': [<src.model.entities.Exit.Exit object at 0x11E5B2B0>, <src.model.entities.Exit.Exit object at 0x11E5B2E0>], 'hazard': <src.model.entities.Hazard.Hazard object at 0x11E5B310>}",False,True,"[0, 0]",500,500,20
15,3,15,30.5625,"[17, 19, 21, 24, 26, 27, 28, 30, 32, 34, 35, 36, 38, 40, 40, 42]",200,38.0,"[22, 45, 47]","{'dimensions': (500, 500), 'num_agents': 20, 'theory_of_mind': 5, 'panic_dynamic': [3, 4], 'agent_boundaries': [25, 475, 115, 475], 'obstacles': [<src.model.entities.Obstacle.Obstacle object at 0x11E5B1F0>, <src.model.entities.Obstacle.Obstacle object at 0x11E5B220>, <src.model.entities.Obstacle.Obstacle object at 0x11E5B250>, <src.model.entities.Obstacle.Obstacle object at 0x11E5B280>], 'exits': [<src.model.entities.Exit.Exit object at 0x11E5B2B0>, <src.model.entities.Exit.Exit object at 0x11E5B2E0>], 'hazard': <src.model.entities.Hazard.Hazard object at 0x11E5B310>}",False,True,"[0, 0]",500,500,20
16,3,16,28.11764705882353,"[12, 14, 16, 19, 26, 26, 28, 28, 30, 31, 31, 32, 33, 35, 37, 39, 41]",42,26.666666666666668,"[21, 24, 35]","{'dimensions': (500, 500), 'num_agents': 20, 'theory_of_mind': 5, 'panic_dynamic': [3, 4], 'agent_boundaries': [25, 475, 115, 475], 'obstacles': [<src.model.entities.Obstacle.Obstacle object at 0x11E5B1F0>, <src.model.entities.Obstacle.Obstacle object at 0x11E5B220>, <src.model.entities.Obstacle.Obstacle object at 0x11E5B250>, <src.model.entities.Obstacle.Obstacle object at 0x11E5B280>], 'exits': [<src.model.entities.Exit.Exit object at 0x11E5B2B0>, <src.model.entities.Exit.Exit object at 0x11E5B2E0>], 'hazard': <src.model.entities.Hazard.Hazard object at 0x11E5B310>}",False,True,"[0, 0]",500,500,20
17,3,17,27.529411764705884,"[11, 13, 15, 18, 20, 22, 23, 24, 27, 28, 30, 33, 35, 37, 41, 43, 48]",51,45.0,"[39, 46, 50]","{'dimensions': (500, 500), 'num_agents': 20, 'theory_of_mind': 5, 'panic_dynamic': [3, 4], 'agent_boundaries': [25, 475, 115, 475], 'obstacles': [<src.model.entities.Obstacle.Obstacle object at 0x11E5B1F0>, <src.model.entities.Obstacle.Obstacle object at 0x11E5B220>, <src.model.entities.Obstacle.Obstacle object at 0x11E5B250>, <src.model.entities.Obstacle.Obstacle object at 0x11E5B280>], 'exits': [<src.model.entities.Exit.Exit object at 0x11E5B2B0>, <src.model.entities.Exit.Exit object at 0x11E5B2E0>], 'hazard': <src.model.entities.Hazard.Hazard object at 0x11E5B310>}",False,True,"[0, 0]",500,500,20
18,3,18,29.176470588235293,"[11, 13, 19, 21, 23, 26, 26, 28, 30, 31, 32, 33, 35, 39, 41, 43, 45]",46,33.666666666666664,"[31, 32, 38]","{'dimensions': (500, 500), 'num_agents': 20, 'theory_of_mind': 5, 'panic_dynamic': [3, 4], 'agent_boundaries': [25, 475, 115, 475], 'obstacles': [<src.model.entities.Obstacle.Obstacle object at 0x11E5B1F0>, <src.model.entities.Obstacle.Obstacle object at 0x11E5B220>, <src.model.entities.Obstacle.Obstacle object at 0x11E5B250>, <src.model.entities.Obstacle.Obstacle object at 0x11E5B280>], 'exits': [<src.model.entities.Exit.Exit object at 0x11E5B2B0>, <src.model.entities.Exit.Exit object at 0x11E5B2E0>], 'hazard': <src.model.entities.Hazard.Hazard object at 0x11E5B310>}",False,True,"[0, 0]",500,500,20
19,3,19,30.294117647058822,"[14, 16, 20, 22, 24, 26, 28, 30, 32, 33, 34, 36, 37, 38, 39, 42, 44]",45,30.0,"[12, 38, 40]","{'dimensions': (500, 500), 'num_agents': 20, 'theory_of_mind': 5, 'panic_dynamic': [3, 4], 'agent_boundaries': [25, 475, 115, 475], 'obstacles': [<src.model.entities.Obstacle.Obstacle object at 0x11E5B1F0>, <src.model.entities.Obstacle.Obstacle object at 0x11E5B220>, <src.model.entities.Obstacle.Obstacle object at 0x11E5B250>, <src.model.entities.Obstacle.Obstacle object at 0x11E5B280>], 'exits': [<src.model.entities.Exit.Exit object at 0x11E5B2B0>, <src.model.entities.Exit.Exit object at 0x11E5B2E0>], 'hazard': <src.model.entities.Hazard.Hazard object at 0x11E5B310>}",False,True,"[0, 0]",500,500,20
20,4,20,30.3125,"[13, 15, 17, 20, 25, 28, 30, 31, 32, 33, 34, 39, 40, 41, 43, 44]",45,28.5,"[17, 23, 36, 38]","{'dimensions': (500, 500), 'num_agents': 20, 'theory_of_mind': 5, 'panic_dynamic': [3, 4], 'agent_boundaries': [25, 475, 115, 475], 'obstacles': [<src.model.entities.Obstacle.Obstacle object at 0x11E5B1F0>, <src.model.entities.Obstacle.Obstacle object at 0x11E5B220>, <src.model.entities.Obstacle.Obstacle object at 0x11E5B250>, <src.model.entities.Obstacle.Obstacle object at 0x11E5B280>], 'exits': [<src.model.entities.Exit.Exit object at 0x11E5B2B0>, <src.model.entities.Exit.Exit object at 0x11E5B2E0>], 'hazard': <src.model.entities.Hazard.Hazard object at 0x11E5B310>}",False,True,"[0, 0]",500,500,20
21,4,21,33.4375,"[13, 19, 21, 23, 27, 29, 33, 33, 35, 37, 40, 41, 43, 45, 47, 49]",50,22.25,"[15, 17, 26, 31]","{'dimensions': (500, 500), 'num_agents': 20, 'theory_of_mind': 5, 'panic_dynamic': [3, 4], 'agent_boundaries': [25, 475, 115, 475], 'obstacles': [<src.model.entities.Obstacle.Obstacle object at 0x11E5B1F0>, <src.model.entities.Obstacle.Obstacle object at 0x11E5B220>, <src.model.entities.Obstacle.Obstacle object at 0x11E5B250>, <src.model.entities.Obstacle.Obstacle object at 0x11E5B280>], 'exits': [<src.model.entities.Exit.Exit object at 0x11E5B2B0>, <src.model.entities.Exit.Exit object at 0x11E5B2E0>], 'hazard': <src.model.entities.Hazard.Hazard object at 0x11E5B310>}",False,True,"[0, 0]",500,500,20
22,4,22,30.875,"[14, 16, 18, 20, 24, 28, 29, 29, 29, 31, 32, 34, 44, 46, 47, 53]",54,34.25,"[26, 33, 36, 42]","{'dimensions': (500, 500), 'num_agents': 20, 'theory_of_mind': 5, 'panic_dynamic': [3, 4], 'agent_boundaries': [25, 475, 115, 475], 'obstacles': [<src.model.entities.Obstacle.Obstacle object at 0x11E5B1F0>, <src.model.entities.Obstacle.Obstacle object at 0x11E5B220>, <src.model.entities.Obstacle.Obstacle object at 0x11E5B250>, <src.model.entities.Obstacle.Obstacle object at 0x11E5B280>], 'exits': [<src.model.entities.Exit.Exit object at 0x11E5B2B0>, <src.model.entities.Exit.Exit object at 0x11E5B2E0>], 'hazard': <src.model.entities.Hazard.Hazard object at 0x11E5B310>}",False,True,"[0, 0]",500,500,20
23,4,23,29.75,"[15, 17, 19, 23, 24, 25, 27, 31, 32, 33, 34, 35, 37, 39, 41, 44]",45,32.5,"[21, 29, 39, 41]","{'dimensions': (500, 500), 'num_agents': 20, 'theory_of_mind': 5, 'panic_dynamic': [3, 4], 'agent_boundaries': [25, 475, 115, 475], 'obstacles': [<src.model.entities.Obstacle.Obstacle object at 0x11E5B1F0>, <src.model.entities.Obstacle.Obstacle object at 0x11E5B220>, <src.model.entities.Obstacle.Obstacle object at 0x11E5B250>, <src.model.entities.Obstacle.Obstacle object at 0x11E5B280>], 'exits': [<src.model.entities.Exit.Exit object at 0x11E5B2B0>, <src.model.entities.Exit.Exit object at 0x11E5B2E0>], 'hazard': <src.model.entities.Hazard.Hazard object at 0x11E5B310>}",False,True,"[0, 0]",500,500,20
24,4,24,27.5625,"[12, 14, 16, 20, 23, 25, 26, 27, 29, 31, 33, 34, 34, 37, 39, 41]",52,35.5,"[18, 35, 38, 51]","{'dimensions': (500, 500), 'num_agents': 20, 'theory_of_mind': 5, 'panic_dynamic': [3, 4], 'agent_boundaries': [25, 475, 115, 475], 'obstacles': [<src.model.entities.Obstacle.Obstacle object at 0x11E5B1F0>, <src.model.entities.Obstacle.Obstacle object at 0x11E5B220>, <src.model.entities.Obstacle.Obstacle object at 0x11E5B250>, <src.model.entities.Obstacle.Obstacle object at 0x11E5B280>], 'exits': [<src.model.entities.Exit.Exit object at 0x11E5B2B0>, <src.model.entities.Exit.Exit object at 0x11E5B2E0>], 'hazard': <src.model.entities.Hazard.Hazard object at 0x11E5B310>}",False,True,"[0, 0]",500,500,20
25,5,25,30.866666666666667,"[12, 15, 21, 23, 25, 29, 33, 33, 36, 36, 36, 38, 39, 42, 45]",46,24.0,"[17, 19, 26, 27, 31]","{'dimensions': (500, 500), 'num_agents': 20, 'theory_of_mind': 5, 'panic_dynamic': [3, 4], 'agent_boundaries': [25, 475, 115, 475], 'obstacles': [<src.model.entities.Obstacle.Obstacle object at 0x11E5B1F0>, <src.model.entities.Obstacle.Obstacle object at 0x11E5B220>, <src.model.entities.Obstacle.Obstacle object at 0x11E5B250>, <src.model.entities.Obstacle.Obstacle object at 0x11E5B280>], 'exits': [<src.model.entities.Exit.Exit object at 0x11E5B2B0>, <src.model.entities.Exit.Exit object at 0x11E5B2E0>], 'hazard': <src.model.entities.Hazard.Hazard object at 0x11E5B310>}",False,True,"[0, 0]",500,500,20
26,5,26,27.4,"[10, 12, 14, 18, 20, 22, 25, 26, 29, 31, 36, 40, 41, 43, 44]",48,32.6,"[16, 28, 30, 42, 47]","{'dimensions': (500, 500), 'num_agents': 20, 'theory_of_mind': 5, 'panic_dynamic': [3, 4], 'agent_boundaries': [25, 475, 115, 475], 'obstacles': [<src.model.entities.Obstacle.Obstacle object at 0x11E5B1F0>, <src.model.entities.Obstacle.Obstacle object at 0x11E5B220>, <src.model.entities.Obstacle.Obstacle object at 0x11E5B250>, <src.model.entities.Obstacle.Obstacle object at 0x11E5B280>], 'exits': [<src.model.entities.Exit.Exit object at 0x11E5B2B0>, <src.model.entities.Exit.Exit object at 0x11E5B2E0>], 'hazard': <src.model.entities.Hazard.Hazard object at 0x11E5B310>}",False,True,"[0, 0]",500,500,20
27,5,27,31.6,"[17, 19, 21, 23, 27, 27, 28, 30, 31, 34, 40, 41, 43, 45, 48]",49,23.0,"[10, 15, 25, 30, 35]","{'dimensions': (500, 500), 'num_agents': 20, 'theory_of_mind': 5, 'panic_dynamic': [3, 4], 'agent_boundaries': [25, 475, 115, 475], 'obstacles': [<src.model.entities.Obstacle.Obstacle object at 0x11E5B1F0>, <src.model.entities.Obstacle.Obstacle object at 0x11E5B220>, <src.model.entities.Obstacle.Obstacle object at 0x11E5B250>, <src.model.entities.Obstacle.Obstacle object at 0x11E5B280>], 'exits': [<src.model.entities.Exit.Exit object at 0x11E5B2B0>, <src.model.entities.Exit.Exit object at 0x11E5B2E0>], 'hazard': <src.model.entities.Hazard.Hazard object at 0x11E5B310>}",False,True,"[0, 0]",500,500,20
28,5,28,31.2,"[15, 22, 24, 26, 28, 30, 30, 32, 33, 33, 35, 37, 40, 41, 42]",55,39.8,"[28, 36, 38, 43, 54]","{'dimensions': (500, 500), 'num_agents': 20, 'theory_of_mind': 5, 'panic_dynamic': [3, 4], 'agent_boundaries': [25, 475, 115, 475], 'obstacles': [<src.model.entities.Obstacle.Obstacle object at 0x11E5B1F0>, <src.model.entities.Obstacle.Obstacle object at 0x11E5B220>, <src.model.entities.Obstacle.Obstacle object at 0x11E5B250>, <src.model.entities.Obstacle.Obstacle object at 0x11E5B280>], 'exits': [<src.model.entities.Exit.Exit object at 0x11E5B2B0>, <src.model.entities.Exit.Exit object at 0x11E5B2E0>], 'hazard': <src.model.entities.Hazard.Hazard object at 0x11E5B310>}",False,True,"[0, 0]",500,500,20
29,5,29,31.857142857142858,"[13, 19, 25, 27, 29, 31, 33, 33, 35, 37, 38, 40, 42, 44]",200,26.6,"[15, 21, 24, 27, 46]","{'dimensions': (500, 500), 'num_agents': 20, 'theory_of_mind': 5, 'panic_dynamic': [3, 4], 'agent_boundaries': [25, 475, 115, 475], 'obstacles': [<src.model.entities.Obstacle.Obstacle object at 0x11E5B1F0>, <src.model.entities.Obstacle.Obstacle object at 0x11E5B220>, <src.model.entities.Obstacle.Obstacle object at 0x11E5B250>, <src.model.entities.Obstacle.Obstacle object at 0x11E5B280>], 'exits': [<src.model.entities.Exit.Exit object at 0x11E5B2B0>, <src.model.entities.Exit.Exit object at 0x11E5B2E0>], 'hazard': <src.model.entities.Hazard.Hazard object at 0x11E5B310>}",False,True,"[0, 0]",500,500,20
30,6,30,31.928571428571427,"[16, 21, 23, 25, 29, 30, 31, 33, 34, 35, 37, 42, 45, 46]",47,33.333333333333336,"[19, 27, 30, 38, 42, 44]","{'dimensions': (500, 500), 'num_agents': 20, 'theory_of_mind': 5, 'panic_dynamic': [3, 4], 'agent_boundaries': [25, 475, 115, 475], 'obstacles': [<src.model.entities.Obstacle.Obstacle object at 0x11E5B1F0>, <src.model.entities.Obstacle.Obstacle object at 0x11E5B220>, <src.model.entities.Obstacle.Obstacle object at 0x11E5B250>, <src.model.entities.Obstacle.Obstacle object at 0x11E5B280>], 'exits': [<src.model.entities.Exit.Exit object at 0x11E5B2B0>, <src.model.entities.Exit.Exit object at 0x11E5B2E0>], 'hazard': <src.model.entities.Hazard.Hazard object at 0x11E5B310>}",False,True,"[0, 0]",500,500,20
31,6,31,32.642857142857146,"[12, 16, 21, 25, 28, 29, 30, 32, 34, 34, 47, 48, 50, 51]",52,32.166666666666664,"[18, 23, 27, 39, 42, 44]","{'dimensions': (500, 500), 'num_agents': 20, 'theory_of_mind': 5, 'panic_dynamic': [3, 4], 'agent_boundaries': [25, 475, 115, 475], 'obstacles': [<src.model.entities.Obstacle.Obstacle object at 0x11E5B1F0>, <src.model.entities.Obstacle.Obstacle object at 0x11E5B220>, <src.model.entities.Obstacle.Obstacle object at 0x11E5B250>, <src.model.entities.Obstacle.Obstacle object at 0x11E5B280>], 'exits': [<src.model.entities.Exit.Exit object at 0x11E5B2B0>, <src.model.entities.Exit.Exit object at 0x11E5B2E0>], 'hazard': <src.model.entities.Hazard.Hazard object at 0x11E5B310>}",False,True,"[0, 0]",500,500,20
32,6,32,30.928571428571427,"[13, 16, 21, 23, 27, 28, 29, 31, 34, 36, 39, 40, 47, 49]",50,33.166666666666664,"[18, 28, 33, 34, 42, 44]","{'dimensions': (500, 500), 'num_agents': 20, 'theory_of_mind': 5, 'panic_dynamic': [3, 4], 'agent_boundaries': [25, 475, 115, 475], 'obstacles': [<src.model.entities.Obstacle.Obstacle object at 0x11E5B1F0>, <src.model.entities.Obstacle.Obstacle object at 0x11E5B220>, <src.model.entities.Obstacle.Obstacle object at 0x11E5B250>, <src.model.entities.Obstacle.Obstacle object at 0x11E5B280>], 'exits': [<src.model.entities.Exit.Exit object at 0x11E5B2B0>, <src.model.entities.Exit.Exit object at 0x11E5B2E0>], 'hazard': <src.model.entities.Hazard.Hazard object at 0x11E5B310>}",False,True,"[0, 0]",500,500,20
33,6,33,34.76923076923077,"[15, 20, 26, 27, 28, 30, 32, 38, 42, 46, 48, 49, 51]",200,34.0,"[18, 24, 35, 40, 53]","{'dimensions': (500, 500), 'num_agents': 20, 'theory_of_mind': 5, 'panic_dynamic': [3, 4], 'agent_boundaries': [25, 475, 115, 475], 'obstacles': [<src.model.entities.Obstacle.Obstacle object at 0x11E5B1F0>, <src.model.entities.Obstacle.Obstacle object at 0x11E5B220>, <src.model.entities.Obstacle.Obstacle object at 0x11E5B250>, <src.model.entities.Obstacle.Obstacle object at 0x11E5B280>], 'exits': [<src.model.entities.Exit.Exit object at 0x11E5B2B0>, <src.model.entities.Exit.Exit object at 0x11E5B2E0>], 'hazard': <src.model.entities.Hazard.Hazard object at 0x11E5B310>}",False,True,"[0, 0]",500,500,20
34,6,34,38.0,"[20, 22, 24, 26, 29, 36, 39, 41, 43, 45, 47, 51, 53, 56]",57,30.666666666666668,"[18, 26, 27, 31, 33, 49]","{'dimensions': (500, 500), 'num_agents': 20, 'theory_of_mind': 5, 'panic_dynamic': [3, 4], 'agent_boundaries': [25, 475, 115, 475], 'obstacles': [<src.model.entities.Obstacle.Obstacle object at 0x11E5B1F0>, <src.model.entities.Obstacle.Obstacle object at 0x11E5B220>, <src.model.entities.Obstacle.Obstacle object at 0x11E5B250>, <src.model.entities.Obstacle.Obstacle object at 0x11E5B280>], 'exits': [<src.model.entities.Exit.Exit object at 0x11E5B2B0>, <src.model.entities.Exit.Exit object at 0x11E5B2E0>], 'hazard': <src.model.entities.Hazard.Hazard object at 0x11E5B310>}",False,True,"[0, 0]",500,500,20
35,7,35,25.692307692307693,"[14, 16, 18, 20, 22, 26, 28, 28, 29, 30, 31, 35, 37]",38,30.714285714285715,"[24, 26, 31, 32, 32, 35, 35]","{'dimensions': (500, 500), 'num_agents': 20, 'theory_of_mind': 5, 'panic_dynamic': [3, 4], 'agent_boundaries': [25, 475, 115, 475], 'obstacles': [<src.model.entities.Obstacle.Obstacle object at 0x11E5B1F0>, <src.model.entities.Obstacle.Obstacle object at 0x11E5B220>, <src.model.entities.Obstacle.Obstacle object at 0x11E5B250>, <src.model.entities.Obstacle.Obstacle object at 0x11E5B280>], 'exits': [<src.model.entities.Exit.Exit object at 0x11E5B2B0>, <src.model.entities.Exit.Exit object at 0x11E5B2E0>], 'hazard': <src.model.entities.Hazard.Hazard object at 0x11E5B310>}",False,True,"[0, 0]",500,500,20
36,7,36,31.923076923076923,"[21, 23, 25, 28, 28, 30, 31, 35, 36, 36, 39, 40, 43]",44,25.571428571428573,"[15, 17, 19, 29, 32, 33, 34]","{'dimensions': (500, 500), 'num_agents': 20, 'theory_of_mind': 5, 'panic_dynamic': [3, 4], 'agent_boundaries': [25, 475, 115, 475], 'obstacles': [<src.model.entities.Obstacle.Obstacle object at 0x11E5B1F0>, <src.model.entities.Obstacle.Obstacle object at 0x11E5B220>, <src.model.entities.Obstacle.Obstacle object at 0x11E5B250>, <src.model.entities.Obstacle.Obstacle object at 0x11E5B280>], 'exits': [<src.model.entities.Exit.Exit object at 0x11E5B2B0>, <src.model.entities.Exit.Exit object at 0x11E5B2E0>], 'hazard': <src.model.entities.Hazard.Hazard object at 0x11E5B310>}",False,True,"[0, 0]",500,500,20
37,7,37,36.07692307692308,"[16, 20, 24, 26, 31, 38, 41, 41, 43, 43, 45, 49, 52]",55,31.428571428571427,"[14, 18, 21, 33, 34, 46, 54]","{'dimensions': (500, 500), 'num_agents': 20, 'theory_of_mind': 5, 'panic_dynamic': [3, 4], 'agent_boundaries': [25, 475, 115, 475], 'obstacles': [<src.model.entities.Obstacle.Obstacle object at 0x11E5B1F0>, <src.model.entities.Obstacle.Obstacle object at 0x11E5B220>, <src.model.entities.Obstacle.Obstacle object at 0x11E5B250>, <src.model.entities.Obstacle.Obstacle object at 0x11E5B280>], 'exits': [<src.model.entities.Exit.Exit object at 0x11E5B2B0>, <src.model.entities.Exit.Exit object at 0x11E5B2E0>], 'hazard': <src.model.entities.Hazard.Hazard object at 0x11E5B310>}",False,True,"[0, 0]",500,500,20
38,7,38,33.38461538461539,"[14, 16, 24, 29, 31, 32, 34, 34, 40, 42, 44, 46, 48]",56,38.285714285714285,"[25, 26, 27, 31, 51, 53, 55]","{'dimensions': (500, 500), 'num_agents': 20, 'theory_of_mind': 5, 'panic_dynamic': [3, 4], 'agent_boundaries': [25, 475, 115, 475], 'obstacles': [<src.model.entities.Obstacle.Obstacle object at 0x11E5B1F0>, <src.model.entities.Obstacle.Obstacle object at 0x11E5B220>, <src.model.entities.Obstacle.Obstacle object at 0x11E5B250>, <src.model.entities.Obstacle.Obstacle object at 0x11E5B280>], 'exits': [<src.model.entities.Exit.Exit object at 0x11E5B2B0>, <src.model.entities.Exit.Exit object at 0x11E5B2E0>], 'hazard': <src.model.entities.Hazard.Hazard object at 0x11E5B310>}",False,True,"[0, 0]",500,500,20
39,7,39,29.846153846153847,"[14, 16, 18, 24, 26, 28, 30, 34, 34, 35, 39, 41, 49]",50,33.857142857142854,"[12, 20, 32, 39, 42, 45, 47]","{'dimensions': (500, 500), 'num_agents': 20, 'theory_of_mind': 5, 'panic_dynamic': [3, 4], 'agent_boundaries': [25, 475, 115, 475], 'obstacles': [<src.model.entities.Obstacle.Obstacle object at 0x11E5B1F0>, <src.model.entities.Obstacle.Obstacle object at 0x11E5B220>, <src.model.entities.Obstacle.Obstacle object at 0x11E5B250>, <src.model.entities.Obstacle.Obstacle object at 0x11E5B280>], 'exits': [<src.model.entities.Exit.Exit object at 0x11E5B2B0>, <src.model.entities.Exit.Exit object at 0x11E5B2E0>], 'hazard': <src.model.entities.Hazard.Hazard object at 0x11E5B310>}",False,True,"[0, 0]",500,500,20
40,8,40,28.333333333333332,"[13, 18, 20, 22, 24, 26, 28, 33, 33, 35, 40, 48]",51,38.25,"[16, 29, 31, 42, 44, 46, 48, 50]","{'dimensions': (500, 500), 'num_agents': 20, 'theory_of_mind': 5, 'panic_dynamic': [3, 4], 'agent_boundaries': [25, 475, 115, 475], 'obstacles': [<src.model.entities.Obstacle.Obstacle object at 0x11E5B1F0>, <src.model.entities.Obstacle.Obstacle object at 0x11E5B220>, <src.model.entities.Obstacle.Obstacle object at 0x11E5B250>, <src.model.entities.Obstacle.Obstacle object at 0x11E5B280>], 'exits': [<src.model.entities.Exit.Exit object at 0x11E5B2B0>, <src.model.entities.Exit.Exit object at 0x11E5B2E0>], 'hazard': <src.model.entities.Hazard.Hazard object at 0x11E5B310>}",False,True,"[0, 0]",500,500,20
41,8,41,27.166666666666668,"[13, 15, 20, 22, 24, 26, 30, 32, 34, 36, 36, 38]",49,37.125,"[26, 28, 34, 35, 41, 41, 44, 48]","{'dimensions': (500, 500), 'num_agents': 20, 'theory_of_mind': 5, 'panic_dynamic': [3, 4], 'agent_boundaries': [25, 475, 115, 475], 'obstacles': [<src.model.entities.Obstacle.Obstacle object at 0x11E5B1F0>, <src.model.entities.Obstacle.Obstacle object at 0x11E5B220>, <src.model.entities.Obstacle.Obstacle object at 0x11E5B250>, <src.model.entities.Obstacle.Obstacle object at 0x11E5B280>], 'exits': [<src.model.entities.Exit.Exit object at 0x11E5B2B0>, <src.model.entities.Exit.Exit object at 0x11E5B2E0>], 'hazard': <src.model.entities.Hazard.Hazard object at 0x11E5B310>}",False,True,"[0, 0]",500,500,20
42,8,42,39.666666666666664,"[20, 27, 32, 35, 37, 39, 42, 45, 46, 49, 51, 53]",58,38.375,"[22, 25, 28, 41, 43, 44, 47, 57]","{'dimensions': (500, 500), 'num_agents': 20, 'theory_of_mind': 5, 'panic_dynamic': [3, 4], 'agent_boundaries': [25, 475, 115, 475], 'obstacles': [<src.model.entities.Obstacle.Obstacle object at 0x11E5B1F0>, <src.model.entities.Obstacle.Obstacle object at 0x11E5B220>, <src.model.entities.Obstacle.Obstacle object at 0x11E5B250>, <src.model.entities.Obstacle.Obstacle object at 0x11E5B280>], 'exits': [<src.model.entities.Exit.Exit object at 0x11E5B2B0>, <src.model.entities.Exit.Exit object at 0x11E5B2E0>], 'hazard': <src.model.entities.Hazard.Hazard object at 0x11E5B310>}",False,True,"[0, 0]",500,500,20
43,8,43,25.181818181818183,"[12, 14, 17, 19, 21, 23, 30, 31, 33, 38, 39]",200,32.125,"[25, 26, 28, 29, 31, 34, 41, 43]","{'dimensions': (500, 500), 'num_agents': 20, 'theory_of_mind': 5, 'panic_dynamic': [3, 4], 'agent_boundaries': [25, 475, 115, 475], 'obstacles': [<src.model.entities.Obstacle.Obstacle object at 0x11E5B1F0>, <src.model.entities.Obstacle.Obstacle object at 0x11E5B220>, <src.model.entities.Obstacle.Obstacle object at 0x11E5B250>, <src.model.entities.Obstacle.Obstacle object at 0x11E5B280>], 'exits': [<src.model.entities.Exit.Exit object at 0x11E5B2B0>, <src.model.entities.Exit.Exit object at 0x11E5B2E0>], 'hazard': <src.model.entities.Hazard.Hazard object at 0x11E5B310>}",False,True,"[0, 0]",500,500,20
44,8,44,39.416666666666664,"[25, 28, 30, 32, 33, 42, 44, 45, 46, 47, 48, 53]",58,41.25,"[13, 30, 35, 38, 50, 52, 55, 57]","{'dimensions': (500, 500), 'num_agents': 20, 'theory_of_mind': 5, 'panic_dynamic': [3, 4], 'agent_boundaries': [25, 475, 115, 475], 'obstacles': [<src.model.entities.Obstacle.Obstacle object at 0x11E5B1F0>, <src.model.entities.Obstacle.Obstacle object at 0x11E5B220>, <src.model.entities.Obstacle.Obstacle object at 0x11E5B250>, <src.model.entities.Obstacle.Obstacle object at 0x11E5B280>], 'exits': [<src.model.entities.Exit.Exit object at 0x11E5B2B0>, <src.model.entities.Exit.Exit object at 0x11E5B2E0>], 'hazard': <src.model.entities.Hazard.Hazard object at 0x11E5B310>}",False,True,"[0, 0]",500,500,20
45,9,45,27.727272727272727,"[13, 15, 19, 24, 28, 28, 31, 32, 34, 39, 42]",45,31.333333333333332,"[11, 21, 26, 30, 32, 37, 40, 41, 44]","{'dimensions': (500, 500), 'num_agents': 20, 'theory_of_mind': 5, 'panic_dynamic': [3, 4], 'agent_boundaries': [25, 475, 115, 475], 'obstacles': [<src.model.entities.Obstacle.Obstacle object at 0x11E5B1F0>, <src.model.entities.Obstacle.Obstacle object at 0x11E5B220>, <src.model.entities.Obstacle.Obstacle object at 0x11E5B250>, <src.model.entities.Obstacle.Obstacle object at 0x11E5B280>], 'exits': [<src.model.entities.Exit.Exit object at 0x11E5B2B0>, <src.model.entities.Exit.Exit object at 0x11E5B2E0>], 'hazard': <src.model.entities.Hazard.Hazard object at 0x11E5B310>}",False,True,"[0, 0]",500,500,20
46,9,46,34.72727272727273,"[19, 27, 29, 32, 32, 34, 35, 39, 41, 43, 51]",52,31.22222222222222,"[17, 23, 25, 26, 29, 31, 36, 45, 49]","{'dimensions': (500, 500), 'num_agents': 20, 'theory_of_mind': 5, 'panic_dynamic': [3, 4], 'agent_boundaries': [25, 475, 115, 475], 'obstacles': [<src.model.entities.Obstacle.Obstacle object at 0x11E5B1F0>, <src.model.entities.Obstacle.Obstacle object at 0x11E5B220>, <src.model.entities.Obstacle.Obstacle object at 0x11E5B250>, <src.model.entities.Obstacle.Obstacle object at 0x11E5B280>], 'exits': [<src.model.entities.Exit.Exit object at 0x11E5B2B0>, <src.model.entities.Exit.Exit object at 0x11E5B2E0>], 'hazard': <src.model.entities.Hazard.Hazard object at 0x11E5B310>}",False,True,"[0, 0]",500,500,20
47,9,47,35.81818181818182,"[25, 27, 30, 33, 34, 34, 35, 40, 42, 44, 50]",51,31.22222222222222,"[16, 21, 23, 30, 32, 33, 36, 42, 48]","{'dimensions': (500, 500), 'num_agents': 20, 'theory_of_mind': 5, 'panic_dynamic': [3, 4], 'agent_boundaries': [25, 475, 115, 475], 'obstacles': [<src.model.entities.Obstacle.Obstacle object at 0x11E5B1F0>, <src.model.entities.Obstacle.Obstacle object at 0x11E5B220>, <src.model.entities.Obstacle.Obstacle object at 0x11E5B250>, <src.model.entities.Obstacle.Obstacle object at 0x11E5B280>], 'exits': [<src.model.entities.Exit.Exit object at 0x11E5B2B0>, <src.model.entities.Exit.Exit object at 0x11E5B2E0>], 'hazard': <src.model.entities.Hazard.Hazard object at 0x11E5B310>}",False,True,"[0, 0]",500,500,20
48,9,48,32.63636363636363,"[19, 24, 25, 27, 30, 31, 38, 39, 41, 41, 44]",49,24.444444444444443,"[11, 15, 17, 20, 22, 27, 29, 31, 48]","{'dimensions': (500, 500), 'num_agents': 20, 'theory_of_mind': 5, 'panic_dynamic': [3, 4], 'agent_boundaries': [25, 475, 115, 475], 'obstacles': [<src.model.entities.Obstacle.Obstacle object at 0x11E5B1F0>, <src.model.entities.Obstacle.Obstacle object at 0x11E5B220>, <src.model.entities.Obstacle.Obstacle object at 0x11E5B250>, <src.model.entities.Obstacle.Obstacle object at 0x11E5B280>], 'exits': [<src.model.entities.Exit.Exit object at 0x11E5B2B0>, <src.model.entities.Exit.Exit object at 0x11E5B2E0>], 'hazard': <src.model.entities.Hazard.Hazard object at 0x11E5B310>}",False,True,"[0, 0]",500,500,20
49,9,49,34.0,"[25, 25, 27, 29, 31, 32, 35, 39, 39, 44, 48]",49,31.77777777777778,"[21, 23, 28, 31, 33, 35, 37, 37, 41]","{'dimensions': (500, 500), 'num_agents': 20, 'theory_of_mind': 5, 'panic_dynamic': [3, 4], 'agent_boundaries': [25, 475, 115, 475], 'obstacles': [<src.model.entities.Obstacle.Obstacle object at 0x11E5B1F0>, <src.model.entities.Obstacle.Obstacle object at 0x11E5B220>, <src.model.entities.Obstacle.Obstacle object at 0x11E5B250>, <src.model.entities.Obstacle.Obstacle object at 0x11E5B280>], 'exits': [<src.model.entities.Exit.Exit object at 0x11E5B2B0>, <src.model.entities.Exit.Exit object at 0x11E5B2E0>], 'hazard': <src.model.entities.Hazard.Hazard object at 0x11E5B310>}",False,True,"[0, 0]",500,500,20
50,10,50,31.0,"[13, 17, 26, 28, 29, 30, 33, 40, 44, 50]",53,32.4,"[22, 24, 25, 28, 30, 31, 34, 36, 42, 52]","{'dimensions': (500, 500), 'num_agents': 20, 'theory_of_mind': 5, 'panic_dynamic': [3, 4], 'agent_boundaries': [25, 475, 115, 475], 'obstacles': [<src.model.entities.Obstacle.Obstacle object at 0x11E5B1F0>, <src.model.entities.Obstacle.Obstacle object at 0x11E5B220>, <src.model.entities.Obstacle.Obstacle object at 0x11E5B250>, <src.model.entities.Obstacle.Obstacle object at 0x11E5B280>], 'exits': [<src.model.entities.Exit.Exit object at 0x11E5B2B0>, <src.model.entities.Exit.Exit object at 0x11E5B2E0>], 'hazard': <src.model.entities.Hazard.Hazard object at 0x11E5B310>}",False,True,"[0, 0]",500,500,20
51,10,51,29.5,"[13, 15, 17, 25, 29, 35, 36, 41, 41, 43]",50,34.9,"[21, 23, 31, 31, 33, 34, 39, 43, 45, 49]","{'dimensions': (500, 500), 'num_agents': 20, 'theory_of_mind': 5, 'panic_dynamic': [3, 4], 'agent_boundaries': [25, 475, 115, 475], 'obstacles': [<src.model.entities.Obstacle.Obstacle object at 0x11E5B1F0>, <src.model.entities.Obstacle.Obstacle object at 0x11E5B220>, <src.model.entities.Obstacle.Obstacle object at 0x11E5B250>, <src.model.entities.Obstacle.Obstacle object at 0x11E5B280>], 'exits': [<src.model.entities.Exit.Exit object at 0x11E5B2B0>, <src.model.entities.Exit.Exit object at 0x11E5B2E0>], 'hazard': <src.model.entities.Hazard.Hazard object at 0x11E5B310>}",False,True,"[0, 0]",500,500,20
52,10,52,26.9,"[14, 16, 18, 20, 26, 28, 32, 33, 40, 42]",48,33.2,"[22, 24, 25, 28, 30, 33, 38, 41, 44, 47]","{'dimensions': (500, 500), 'num_agents': 20, 'theory_of_mind': 5, 'panic_dynamic': [3, 4], 'agent_boundaries': [25, 475, 115, 475], 'obstacles': [<src.model.entities.Obstacle.Obstacle object at 0x11E5B1F0>, <src.model.entities.Obstacle.Obstacle object at 0x11E5B220>, <src.model.entities.Obstacle.Obstacle object at 0x11E5B250>, <src.model.entities.Obstacle.Obstacle object at 0x11E5B280>], 'exits': [<src.model.entities.Exit.Exit object at 0x11E5B2B0>, <src.model.entities.Exit.Exit object at 0x11E5B2E0>], 'hazard': <src.model.entities.Hazard.Hazard object at 0x11E5B310>}",False,True,"[0, 0]",500,500,20
53,10,53,31.22222222222222,"[21, 24, 28, 30, 31, 31, 33, 39, 44]",200,27.7,"[13, 15, 17, 19, 26, 33, 36, 37, 40, 41]","{'dimensions': (500, 500), 'num_agents': 20, 'theory_of_mind': 5, 'panic_dynamic': [3, 4], 'agent_boundaries': [25, 475, 115, 475], 'obstacles': [<src.model.entities.Obstacle.Obstacle object at 0x11E5B1F0>, <src.model.entities.Obstacle.Obstacle object at 0x11E5B220>, <src.model.entities.Obstacle.Obstacle object at 0x11E5B250>, <src.model.entities.Obstacle.Obstacle object at 0x11E5B280>], 'exits': [<src.model.entities.Exit.Exit object at 0x11E5B2B0>, <src.model.entities.Exit.Exit object at 0x11E5B2E0>], 'hazard': <src.model.entities.Hazard.Hazard object at 0x11E5B310>}",False,True,"[0, 0]",500,500,20
54,10,54,34.8,"[16, 20, 24, 27, 38, 39, 41, 43, 46, 54]",55,32.9,"[13, 18, 22, 26, 28, 30, 42, 48, 50, 52]","{'dimensions': (500, 500), 'num_agents': 20, 'theory_of_mind': 5, 'panic_dynamic': [3, 4], 'agent_boundaries': [25, 475, 115, 475], 'obstacles': [<src.model.entities.Obstacle.Obstacle object at 0x11E5B1F0>, <src.model.entities.Obstacle.Obstacle object at 0x11E5B220>, <src.model.entities.Obstacle.Obstacle object at 0x11E5B250>, <src.model.entities.Obstacle.Obstacle object at 0x11E5B280>], 'exits': [<src.model.entities.Exit.Exit object at 0x11E5B2B0>, <src.model.entities.Exit.Exit object at 0x11E5B2E0>], 'hazard': <src.model.entities.Hazard.Hazard object at 0x11E5B310>}",False,True,"[0, 0]",500,500,20
55,11,55,34.0,"[26, 27, 28, 32, 35, 38, 42, 44]",200,34.81818181818182,"[22, 24, 30, 32, 34, 35, 36, 36, 40, 46, 48]","{'dimensions': (500, 500), 'num_agents': 20, 'theory_of_mind': 5, 'panic_dynamic': [3, 4], 'agent_boundaries': [25, 475, 115, 475], 'obstacles': [<src.model.entities.Obstacle.Obstacle object at 0x11E5B1F0>, <src.model.entities.Obstacle.Obstacle object at 0x11E5B220>, <src.model.entities.Obstacle.Obstacle object at 0x11E5B250>, <src.model.entities.Obstacle.Obstacle object at 0x11E5B280>], 'exits': [<src.model.entities.Exit.Exit object at 0x11E5B2B0>, <src.model.entities.Exit.Exit object at 0x11E5B2E0>], 'hazard': <src.model.entities.Hazard.Hazard object at 0x11E5B310>}",False,True,"[0, 0]",500,500,20
56,11,56,30.88888888888889,"[21, 25, 27, 27, 30, 31, 33, 41, 43]",50,34.54545454545455,"[16, 18, 23, 28, 32, 37, 40, 43, 46, 48, 49]","{'dimensions': (500, 500), 'num_agents': 20, 'theory_of_mind': 5, 'panic_dynamic': [3, 4], 'agent_boundaries': [25, 475, 115, 475], 'obstacles': [<src.model.entities.Obstacle.Obstacle object at 0x11E5B1F0>, <src.model.entities.Obstacle.Obstacle object at 0x11E5B220>, <src.model.entities.Obstacle.Obstacle object at 0x11E5B250>, <src.model.entities.Obstacle.Obstacle object at 0x11E5B280>], 'exits': [<src.model.entities.Exit.Exit object at 0x11E5B2B0>, <src.model.entities.Exit.Exit object at 0x11E5B2E0>], 'hazard': <src.model.entities.Hazard.Hazard object at 0x11E5B310>}",False,True,"[0, 0]",500,500,20
57,11,57,27.22222222222222,"[13, 16, 25, 28, 29, 32, 32, 34, 36]",45,30.727272727272727,"[19, 21, 23, 27, 29, 30, 31, 34, 39, 41, 44]","{'dimensions': (500, 500), 'num_agents': 20, 'theory_of_mind': 5, 'panic_dynamic': [3, 4], 'agent_boundaries': [25, 475, 115, 475], 'obstacles': [<src.model.entities.Obstacle.Obstacle object at 0x11E5B1F0>, <src.model.entities.Obstacle.Obstacle object at 0x11E5B220>, <src.model.entities.Obstacle.Obstacle object at 0x11E5B250>, <src.model.entities.Obstacle.Obstacle object at 0x11E5B280>], 'exits': [<src.model.entities.Exit.Exit object at 0x11E5B2B0>, <src.model.entities.Exit.Exit object at 0x11E5B2E0>], 'hazard': <src.model.entities.Hazard.Hazard object at 0x11E5B310>}",False,True,"[0, 0]",500,500,20
58,11,58,27.875,"[15, 20, 22, 24, 30, 33, 35, 44]",200,35.54545454545455,"[13, 17, 26, 29, 34, 35, 37, 40, 51, 53, 56]","{'dimensions': (500, 500), 'num_agents': 20, 'theory_of_mind': 5, 'panic_dynamic': [3, 4], 'agent_boundaries': [25, 475, 115, 475], 'obstacles': [<src.model.entities.Obstacle.Obstacle object at 0x11E5B1F0>, <src.model.entities.Obstacle.Obstacle object at 0x11E5B220>, <src.model.entities.Obstacle.Obstacle object at 0x11E5B250>, <src.model.entities.Obstacle.Obstacle object at 0x11E5B280>], 'exits': [<src.model.entities.Exit.Exit object at 0x11E5B2B0>, <src.model.entities.Exit.Exit object at 0x11E5B2E0>], 'hazard': <src.model.entities.Hazard.Hazard object at 0x11E5B310>}",False,True,"[0, 0]",500,500,20
59,11,59,31.333333333333332,"[14, 16, 27, 33, 35, 36, 39, 40, 42]",200,30.1,"[11, 18, 21, 25, 29, 31, 31, 38, 44, 53]","{'dimensions': (500, 500), 'num_agents': 20, 'theory_of_mind': 5, 'panic_dynamic': [3, 4], 'agent_boundaries': [25, 475, 115, 475], 'obstacles': [<src.model.entities.Obstacle.Obstacle object at 0x11E5B1F0>, <src.model.entities.Obstacle.Obstacle object at 0x11E5B220>, <src.model.entities.Obstacle.Obstacle object at 0x11E5B250>, <src.model.entities.Obstacle.Obstacle object at 0x11E5B280>], 'exits': [<src.model.entities.Exit.Exit object at 0x11E5B2B0>, <src.model.entities.Exit.Exit object at 0x11E5B2E0>], 'hazard': <src.model.entities.Hazard.Hazard object at 0x11E5B310>}",False,True,"[0, 0]",500,500,20
60,12,60,26.285714285714285,"[13, 18, 26, 27, 30, 33, 37]",200,28.363636363636363,"[15, 20, 22, 24, 25, 29, 31, 32, 34, 39, 41]","{'dimensions': (500, 500), 'num_agents': 20, 'theory_of_mind': 5, 'panic_dynamic': [3, 4], 'agent_boundaries': [25, 475, 115, 475], 'obstacles': [<src.model.entities.Obstacle.Obstacle object at 0x11E5B1F0>, <src.model.entities.Obstacle.Obstacle object at 0x11E5B220>, <src.model.entities.Obstacle.Obstacle object at 0x11E5B250>, <src.model.entities.Obstacle.Obstacle object at 0x11E5B280>], 'exits': [<src.model.entities.Exit.Exit object at 0x11E5B2B0>, <src.model.entities.Exit.Exit object at 0x11E5B2E0>], 'hazard': <src.model.entities.Hazard.Hazard object at 0x11E5B310>}",False,True,"[0, 0]",500,500,20
61,12,61,25.375,"[14, 16, 20, 22, 26, 29, 37, 39]",200,32.2,"[18, 24, 26, 28, 30, 32, 39, 41, 41, 43]","{'dimensions': (500, 500), 'num_agents': 20, 'theory_of_mind': 5, 'panic_dynamic': [3, 4], 'agent_boundaries': [25, 475, 115, 475], 'obstacles': [<src.model.entities.Obstacle.Obstacle object at 0x11E5B1F0>, <src.model.entities.Obstacle.Obstacle object at 0x11E5B220>, <src.model.entities.Obstacle.Obstacle object at 0x11E5B250>, <src.model.entities.Obstacle.Obstacle object at 0x11E5B280>], 'exits': [<src.model.entities.Exit.Exit object at 0x11E5B2B0>, <src.model.entities.Exit.Exit object at 0x11E5B2E0>], 'hazard': <src.model.entities.Hazard.Hazard object at 0x11E5B310>}",False,True,"[0, 0]",500,500,20
62,12,62,28.25,"[20, 22, 25, 26, 30, 32, 33, 38]",41,28.5,"[12, 15, 17, 24, 28, 30, 32, 34, 35, 37, 38, 40]","{'dimensions': (500, 500), 'num_agents': 20, 'theory_of_mind': 5, 'panic_dynamic': [3, 4], 'agent_boundaries': [25, 475, 115, 475], 'obstacles': [<src.model.entities.Obstacle.Obstacle object at 0x11E5B1F0>, <src.model.entities.Obstacle.Obstacle object at 0x11E5B220>, <src.model.entities.Obstacle.Obstacle object at 0x11E5B250>, <src.model.entities.Obstacle.Obstacle object at 0x11E5B280>], 'exits': [<src.model.entities.Exit.Exit object at 0x11E5B2B0>, <src.model.entities.Exit.Exit object at 0x11E5B2E0>], 'hazard': <src.model.entities.Hazard.Hazard object at 0x11E5B310>}",False,True,"[0, 0]",500,500,20
63,12,63,28.625,"[17, 20, 22, 28, 29, 33, 38, 42]",43,28.166666666666668,"[12, 15, 22, 25, 27, 30, 31, 32, 34, 35, 36, 39]","{'dimensions': (500, 500), 'num_agents': 20, 'theory_of_mind': 5, 'panic_dynamic': [3, 4], 'agent_boundaries': [25, 475, 115, 475], 'obstacles': [<src.model.entities.Obstacle.Obstacle object at 0x11E5B1F0>, <src.model.entities.Obstacle.Obstacle object at 0x11E5B220>, <src.model.entities.Obstacle.Obstacle object at 0x11E5B250>, <src.model.entities.Obstacle.Obstacle object at 0x11E5B280>], 'exits': [<src.model.entities.Exit.Exit object at 0x11E5B2B0>, <src.model.entities.Exit.Exit object at 0x11E5B2E0>], 'hazard': <src.model.entities.Hazard.Hazard object at 0x11E5B310>}",False,True,"[0, 0]",500,500,20
64,12,64,30.75,"[19, 20, 27, 28, 31, 36, 41, 44]",47,29.416666666666668,"[13, 16, 22, 24, 26, 29, 29, 31, 35, 40, 42, 46]","{'dimensions': (500, 500), 'num_agents': 20, 'theory_of_mind': 5, 'panic_dynamic': [3, 4], 'agent_boundaries': [25, 475, 115, 475], 'obstacles': [<src.model.entities.Obstacle.Obstacle object at 0x11E5B1F0>, <src.model.entities.Obstacle.Obstacle object at 0x11E5B220>, <src.model.entities.Obstacle.Obstacle object at 0x11E5B250>, <src.model.entities.Obstacle.Obstacle object at 0x11E5B280>], 'exits': [<src.model.entities.Exit.Exit object at 0x11E5B2B0>, <src.model.entities.Exit.Exit object at 0x11E5B2E0>], 'hazard': <src.model.entities.Hazard.Hazard object at 0x11E5B310>}",False,True,"[0, 0]",500,500,20
65,13,65,26.285714285714285,"[15, 19, 23, 24, 29, 30, 44]",49,31.0,"[13, 17, 21, 24, 26, 26, 31, 33, 38, 39, 41, 46, 48]","{'dimensions': (500, 500), 'num_agents': 20, 'theory_of_mind': 5, 'panic_dynamic': [3, 4], 'agent_boundaries': [25, 475, 115, 475], 'obstacles': [<src.model.entities.Obstacle.Obstacle object at 0x11E5B1F0>, <src.model.entities.Obstacle.Obstacle object at 0x11E5B220>, <src.model.entities.Obstacle.Obstacle object at 0x11E5B250>, <src.model.entities.Obstacle.Obstacle object at 0x11E5B280>], 'exits': [<src.model.entities.Exit.Exit object at 0x11E5B2B0>, <src.model.entities.Exit.Exit object at 0x11E5B2E0>], 'hazard': <src.model.entities.Hazard.Hazard object at 0x11E5B310>}",False,True,"[0, 0]",500,500,20
66,13,66,32.57142857142857,"[20, 24, 25, 30, 33, 39, 57]",60,38.53846153846154,"[16, 18, 22, 26, 27, 42, 44, 46, 48, 49, 51, 53, 59]","{'dimensions': (500, 500), 'num_agents': 20, 'theory_of_mind': 5, 'panic_dynamic': [3, 4], 'agent_boundaries': [25, 475, 115, 475], 'obstacles': [<src.model.entities.Obstacle.Obstacle object at 0x11E5B1F0>, <src.model.entities.Obstacle.Obstacle object at 0x11E5B220>, <src.model.entities.Obstacle.Obstacle object at 0x11E5B250>, <src.model.entities.Obstacle.Obstacle object at 0x11E5B280>], 'exits': [<src.model.entities.Exit.Exit object at 0x11E5B2B0>, <src.model.entities.Exit.Exit object at 0x11E5B2E0>], 'hazard': <src.model.entities.Hazard.Hazard object at 0x11E5B310>}",False,True,"[0, 0]",500,500,20
67,13,67,29.571428571428573,"[15, 19, 27, 31, 34, 38, 43]",44,29.615384615384617,"[17, 21, 23, 25, 28, 29, 30, 30, 31, 36, 36, 39, 40]","{'dimensions': (500, 500), 'num_agents': 20, 'theory_of_mind': 5, 'panic_dynamic': [3, 4], 'agent_boundaries': [25, 475, 115, 475], 'obstacles': [<src.model.entities.Obstacle.Obstacle object at 0x11E5B1F0>, <src.model.entities.Obstacle.Obstacle object at 0x11E5B220>, <src.model.entities.Obstacle.Obstacle object at 0x11E5B250>, <src.model.entities.Obstacle.Obstacle object at 0x11E5B280>], 'exits': [<src.model.entities.Exit.Exit object at 0x11E5B2B0>, <src.model.entities.Exit.Exit object at 0x11E5B2E0>], 'hazard': <src.model.entities.Hazard.Hazard object at 0x11E5B310>}",False,True,"[0, 0]",500,500,20
68,13,68,39.0,"[28, 37, 38, 40, 40, 42, 48]",200,26.583333333333332,"[13, 15, 21, 23, 25, 26, 29, 30, 32, 34, 35, 36]","{'dimensions': (500, 500), 'num_agents': 20, 'theory_of_mind': 5, 'panic_dynamic': [3, 4], 'agent_boundaries': [25, 475, 115, 475], 'obstacles': [<src.model.entities.Obstacle.Obstacle object at 0x11E5B1F0>, <src.model.entities.Obstacle.Obstacle object at 0x11E5B220>, <src.model.entities.Obstacle.Obstacle object at 0x11E5B250>, <src.model.entities.Obstacle.Obstacle object at 0x11E5B280>], 'exits': [<src.model.entities.Exit.Exit object at 0x11E5B2B0>, <src.model.entities.Exit.Exit object at 0x11E5B2E0>], 'hazard': <src.model.entities.Hazard.Hazard object at 0x11E5B310>}",False,True,"[0, 0]",500,500,20
69,13,69,24.714285714285715,"[14, 19, 21, 25, 25, 29, 40]",52,34.84615384615385,"[11, 17, 23, 27, 32, 35, 37, 42, 42, 44, 44, 48, 51]","{'dimensions': (500, 500), 'num_agents': 20, 'theory_of_mind': 5, 'panic_dynamic': [3, 4], 'agent_boundaries': [25, 475, 115, 475], 'obstacles': [<src.model.entities.Obstacle.Obstacle object at 0x11E5B1F0>, <src.model.entities.Obstacle.Obstacle object at 0x11E5B220>, <src.model.entities.Obstacle.Obstacle object at 0x11E5B250>, <src.model.entities.Obstacle.Obstacle object at 0x11E5B280>], 'exits': [<src.model.entities.Exit.Exit object at 0x11E5B2B0>, <src.model.entities.Exit.Exit object at 0x11E5B2E0>], 'hazard': <src.model.entities.Hazard.Hazard object at 0x11E5B310>}",False,True,"[0, 0]",500,500,20
70,14,70,30.5,"[17, 26, 29, 30, 38, 43]",57,35.0,"[15, 22, 24, 26, 28, 29, 33, 36, 40, 41, 42, 44, 54, 56]","{'dimensions': (500, 500), 'num_agents': 20, 'theory_of_mind': 5, 'panic_dynamic': [3, 4], 'agent_boundaries': [25, 475, 115, 475], 'obstacles': [<src.model.entities.Obstacle.Obstacle object at 0x11E5B1F0>, <src.model.entities.Obstacle.Obstacle object at 0x11E5B220>, <src.model.entities.Obstacle.Obstacle object at 0x11E5B250>, <src.model.entities.Obstacle.Obstacle object at 0x11E5B280>], 'exits': [<src.model.entities.Exit.Exit object at 0x11E5B2B0>, <src.model.entities.Exit.Exit object at 0x11E5B2E0>], 'hazard': <src.model.entities.Hazard.Hazard object at 0x11E5B310>}",False,True,"[0, 0]",500,500,20
71,14,71,26.5,"[17, 21, 26, 28, 28, 39]",46,32.42857142857143,"[13, 15, 20, 30, 30, 32, 33, 36, 36, 38, 41, 42, 43, 45]","{'dimensions': (500, 500), 'num_agents': 20, 'theory_of_mind': 5, 'panic_dynamic': [3, 4], 'agent_boundaries': [25, 475, 115, 475], 'obstacles': [<src.model.entities.Obstacle.Obstacle object at 0x11E5B1F0>, <src.model.entities.Obstacle.Obstacle object at 0x11E5B220>, <src.model.entities.Obstacle.Obstacle object at 0x11E5B250>, <src.model.entities.Obstacle.Obstacle object at 0x11E5B280>], 'exits': [<src.model.entities.Exit.Exit object at 0x11E5B2B0>, <src.model.entities.Exit.Exit object at 0x11E5B2E0>], 'hazard': <src.model.entities.Hazard.Hazard object at 0x11E5B310>}",False,True,"[0, 0]",500,500,20
72,14,72,31.833333333333332,"[16, 28, 30, 36, 37, 44]",200,30.46153846153846,"[14, 19, 21, 23, 25, 27, 27, 32, 34, 38, 40, 42, 54]","{'dimensions': (500, 500), 'num_agents': 20, 'theory_of_mind': 5, 'panic_dynamic': [3, 4], 'agent_boundaries': [25, 475, 115, 475], 'obstacles': [<src.model.entities.Obstacle.Obstacle object at 0x11E5B1F0>, <src.model.entities.Obstacle.Obstacle object at 0x11E5B220>, <src.model.entities.Obstacle.Obstacle object at 0x11E5B250>, <src.model.entities.Obstacle.Obstacle object at 0x11E5B280>], 'exits': [<src.model.entities.Exit.Exit object at 0x11E5B2B0>, <src.model.entities.Exit.Exit object at 0x11E5B2E0>], 'hazard': <src.model.entities.Hazard.Hazard object at 0x11E5B310>}",False,True,"[0, 0]",500,500,20
73,14,73,29.0,"[14, 19, 25, 33, 39, 44]",45,28.928571428571427,"[17, 18, 21, 23, 27, 27, 29, 30, 31, 32, 35, 36, 37, 42]","{'dimensions': (500, 500), 'num_agents': 20, 'theory_of_mind': 5, 'panic_dynamic': [3, 4], 'agent_boundaries': [25, 475, 115, 475], 'obstacles': [<src.model.entities.Obstacle.Obstacle object at 0x11E5B1F0>, <src.model.entities.Obstacle.Obstacle object at 0x11E5B220>, <src.model.entities.Obstacle.Obstacle object at 0x11E5B250>, <src.model.entities.Obstacle.Obstacle object at 0x11E5B280>], 'exits': [<src.model.entities.Exit.Exit object at 0x11E5B2B0>, <src.model.entities.Exit.Exit object at 0x11E5B2E0>], 'hazard': <src.model.entities.Hazard.Hazard object at 0x11E5B310>}",False,True,"[0, 0]",500,500,20
74,14,74,31.0,"[23, 27, 27, 30, 39, 40]",41,28.0,"[15, 17, 19, 21, 22, 25, 29, 30, 32, 33, 35, 37, 37, 40]","{'dimensions': (500, 500), 'num_agents': 20, 'theory_of_mind': 5, 'panic_dynamic': [3, 4], 'agent_boundaries': [25, 475, 115, 475], 'obstacles': [<src.model.entities.Obstacle.Obstacle object at 0x11E5B1F0>, <src.model.entities.Obstacle.Obstacle object at 0x11E5B220>, <src.model.entities.Obstacle.Obstacle object at 0x11E5B250>, <src.model.entities.Obstacle.Obstacle object at 0x11E5B280>], 'exits': [<src.model.entities.Exit.Exit object at 0x11E5B2B0>, <src.model.entities.Exit.Exit object at 0x11E5B2E0>], 'hazard': <src.model.entities.Hazard.Hazard object at 0x11E5B310>}",False,True,"[0, 0]",500,500,20
75,15,75,29.0,"[11, 17, 33, 41, 43]",53,34.2,"[15, 19, 22, 24, 27, 29, 31, 35, 36, 40, 42, 44, 47, 50, 52]","{'dimensions': (500, 500), 'num_agents': 20, 'theory_of_mind': 5, 'panic_dynamic': [3, 4], 'agent_boundaries': [25, 475, 115, 475], 'obstacles': [<src.model.entities.Obstacle.Obstacle object at 0x11E5B1F0>, <src.model.entities.Obstacle.Obstacle object at 0x11E5B220>, <src.model.entities.Obstacle.Obstacle object at 0x11E5B250>, <src.model.entities.Obstacle.Obstacle object at 0x11E5B280>], 'exits': [<src.model.entities.Exit.Exit object at 0x11E5B2B0>, <src.model.entities.Exit.Exit object at 0x11E5B2E0>], 'hazard': <src.model.entities.Hazard.Hazard object at 0x11E5B310>}",False,True,"[0, 0]",500,500,20
76,15,76,31.2,"[21, 25, 28, 38, 44]",53,30.8,"[12, 17, 19, 23, 27, 30, 30, 32, 32, 33, 36, 37, 40, 42, 52]","{'dimensions': (500, 500), 'num_agents': 20, 'theory_of_mind': 5, 'panic_dynamic': [3, 4], 'agent_boundaries': [25, 475, 115, 475], 'obstacles': [<src.model.entities.Obstacle.Obstacle object at 0x11E5B1F0>, <src.model.entities.Obstacle.Obstacle object at 0x11E5B220>, <src.model.entities.Obstacle.Obstacle object at 0x11E5B250>, <src.model.entities.Obstacle.Obstacle object at 0x11E5B280>], 'exits': [<src.model.entities.Exit.Exit object at 0x11E5B2B0>, <src.model.entities.Exit.Exit object at 0x11E5B2E0>], 'hazard': <src.model.entities.Hazard.Hazard object at 0x11E5B310>}",False,True,"[0, 0]",500,500,20
77,15,77,34.2,"[26, 33, 35, 37, 40]",45,28.466666666666665,"[14, 16, 18, 20, 22, 24, 27, 27, 29, 31, 32, 40, 41, 42, 44]","{'dimensions': (500, 500), 'num_agents': 20, 'theory_of_mind': 5, 'panic_dynamic': [3, 4], 'agent_boundaries': [25, 475, 115, 475], 'obstacles': [<src.model.entities.Obstacle.Obstacle object at 0x11E5B1F0>, <src.model.entities.Obstacle.Obstacle object at 0x11E5B220>, <src.model.entities.Obstacle.Obstacle object at 0x11E5B250>, <src.model.entities.Obstacle.Obstacle object at 0x11E5B280>], 'exits': [<src.model.entities.Exit.Exit object at 0x11E5B2B0>, <src.model.entities.Exit.Exit object at 0x11E5B2E0>], 'hazard': <src.model.entities.Hazard.Hazard object at 0x11E5B310>}",False,True,"[0, 0]",500,500,20
78,15,78,29.8,"[24, 28, 31, 33, 33]",41,29.733333333333334,"[18, 20, 22, 25, 26, 28, 30, 30, 32, 32, 34, 35, 37, 37, 40]","{'dimensions': (500, 500), 'num_agents': 20, 'theory_of_mind': 5, 'panic_dynamic': [3, 4], 'agent_boundaries': [25, 475, 115, 475], 'obstacles': [<src.model.entities.Obstacle.Obstacle object at 0x11E5B1F0>, <src.model.entities.Obstacle.Obstacle object at 0x11E5B220>, <src.model.entities.Obstacle.Obstacle object at 0x11E5B250>, <src.model.entities.Obstacle.Obstacle object at 0x11E5B280>], 'exits': [<src.model.entities.Exit.Exit object at 0x11E5B2B0>, <src.model.entities.Exit.Exit object at 0x11E5B2E0>], 'hazard': <src.model.entities.Hazard.Hazard object at 0x11E5B310>}",False,True,"[0, 0]",500,500,20
79,15,79,35.2,"[28, 30, 34, 39, 45]",50,32.53333333333333,"[13, 20, 22, 24, 26, 29, 32, 33, 35, 36, 37, 42, 43, 47, 49]","{'dimensions': (500, 500), 'num_agents': 20, 'theory_of_mind': 5, 'panic_dynamic': [3, 4], 'agent_boundaries': [25, 475, 115, 475], 'obstacles': [<src.model.entities.Obstacle.Obstacle object at 0x11E5B1F0>, <src.model.entities.Obstacle.Obstacle object at 0x11E5B220>, <src.model.entities.Obstacle.Obstacle object at 0x11E5B250>, <src.model.entities.Obstacle.Obstacle object at 0x11E5B280>], 'exits': [<src.model.entities.Exit.Exit object at 0x11E5B2B0>, <src.model.entities.Exit.Exit object at 0x11E5B2E0>], 'hazard': <src.model.entities.Hazard.Hazard object at 0x11E5B310>}",False,True,"[0, 0]",500,500,20
80,16,80,27.5,"[17, 24, 28, 41]",200,30.666666666666668,"[13, 15, 19, 20, 22, 26, 28, 33, 34, 36, 36, 39, 43, 45, 51]","{'dimensions': (500, 500), 'num_agents': 20, 'theory_of_mind': 5, 'panic_dynamic': [3, 4], 'agent_boundaries': [25, 475, 115, 475], 'obstacles': [<src.model.entities.Obstacle.Obstacle object at 0x11E5B1F0>, <src.model.entities.Obstacle.Obstacle object at 0x11E5B220>, <src.model.entities.Obstacle.Obstacle object at 0x11E5B250>, <src.model.entities.Obstacle.Obstacle object at 0x11E5B280>], 'exits': [<src.model.entities.Exit.Exit object at 0x11E5B2B0>, <src.model.entities.Exit.Exit object at 0x11E5B2E0>], 'hazard': <src.model.entities.Hazard.Hazard object at 0x11E5B310>}",False,True,"[0, 0]",500,500,20
81,16,81,29.25,"[14, 26, 36, 41]",52,35.5,"[11, 21, 23, 24, 28, 28, 34, 38, 40, 42, 43, 44, 45, 47, 49, 51]","{'dimensions': (500, 500), 'num_agents': 20, 'theory_of_mind': 5, 'panic_dynamic': [3, 4], 'agent_boundaries': [25, 475, 115, 475], 'obstacles': [<src.model.entities.Obstacle.Obstacle object at 0x11E5B1F0>, <src.model.entities.Obstacle.Obstacle object at 0x11E5B220>, <src.model.entities.Obstacle.Obstacle object at 0x11E5B250>, <src.model.entities.Obstacle.Obstacle object at 0x11E5B280>], 'exits': [<src.model.entities.Exit.Exit object at 0x11E5B2B0>, <src.model.entities.Exit.Exit object at 0x11E5B2E0>], 'hazard': <src.model.entities.Hazard.Hazard object at 0x11E5B310>}",False,True,"[0, 0]",500,500,20
82,16,82,37.5,"[30, 32, 42, 46]",54,34.625,"[16, 20, 22, 24, 25, 26, 28, 30, 38, 40, 41, 44, 47, 49, 51, 53]","{'dimensions': (500, 500), 'num_agents': 20, 'theory_of_mind': 5, 'panic_dynamic': [3, 4], 'agent_boundaries': [25, 475, 115, 475], 'obstacles': [<src.model.entities.Obstacle.Obstacle object at 0x11E5B1F0>, <src.model.entities.Obstacle.Obstacle object at 0x11E5B220>, <src.model.entities.Obstacle.Obstacle object at 0x11E5B250>, <src.model.entities.Obstacle.Obstacle object at 0x11E5B280>], 'exits': [<src.model.entities.Exit.Exit object at 0x11E5B2B0>, <src.model.entities.Exit.Exit object at 0x11E5B2E0>], 'hazard': <src.model.entities.Hazard.Hazard object at 0x11E5B310>}",False,True,"[0, 0]",500,500,20
83,16,83,28.0,"[22, 26, 31, 33]",48,30.0,"[12, 16, 18, 20, 20, 24, 28, 32, 32, 35, 37, 37, 40, 40, 42, 47]","{'dimensions': (500, 500), 'num_agents': 20, 'theory_of_mind': 5, 'panic_dynamic': [3, 4], 'agent_boundaries': [25, 475, 115, 475], 'obstacles': [<src.model.entities.Obstacle.Obstacle object at 0x11E5B1F0>, <src.model.entities.Obstacle.Obstacle object at 0x11E5B220>, <src.model.entities.Obstacle.Obstacle object at 0x11E5B250>, <src.model.entities.Obstacle.Obstacle object at 0x11E5B280>], 'exits': [<src.model.entities.Exit.Exit object at 0x11E5B2B0>, <src.model.entities.Exit.Exit object at 0x11E5B2E0>], 'hazard': <src.model.entities.Hazard.Hazard object at 0x11E5B310>}",False,True,"[0, 0]",500,500,20
84,16,84,31.75,"[27, 31, 32, 37]",52,33.3125,"[14, 18, 21, 23, 25, 26, 29, 29, 33, 39, 41, 43, 45, 47, 49, 51]","{'dimensions': (500, 500), 'num_agents': 20, 'theory_of_mind': 5, 'panic_dynamic': [3, 4], 'agent_boundaries': [25, 475, 115, 475], 'obstacles': [<src.model.entities.Obstacle.Obstacle object at 0x11E5B1F0>, <src.model.entities.Obstacle.Obstacle object at 0x11E5B220>, <src.model.entities.Obstacle.Obstacle object at 0x11E5B250>, <src.model.entities.Obstacle.Obstacle object at 0x11E5B280>], 'exits': [<src.model.entities.Exit.Exit object at 0x11E5B2B0>, <src.model.entities.Exit.Exit object at 0x11E5B2E0>], 'hazard': <src.model.entities.Hazard.Hazard object at 0x11E5B310>}",False,True,"[0, 0]",500,500,20
85,17,85,26.333333333333332,"[14, 26, 39]",54,35.588235294117645,"[11, 20, 23, 26, 27, 28, 31, 35, 36, 37, 43, 43, 45, 47, 49, 51, 53]","{'dimensions': (500, 500), 'num_agents': 20, 'theory_of_mind': 5, 'panic_dynamic': [3, 4], 'agent_boundaries': [25, 475, 115, 475], 'obstacles': [<src.model.entities.Obstacle.Obstacle object at 0x11E5B1F0>, <src.model.entities.Obstacle.Obstacle object at 0x11E5B220>, <src.model.entities.Obstacle.Obstacle object at 0x11E5B250>, <src.model.entities.Obstacle.Obstacle object at 0x11E5B280>], 'exits': [<src.model.entities.Exit.Exit object at 0x11E5B2B0>, <src.model.entities.Exit.Exit object at 0x11E5B2E0>], 'hazard': <src.model.entities.Hazard.Hazard object at 0x11E5B310>}",False,True,"[0, 0]",500,500,20
86,17,86,24.0,"[21, 24, 27]",200,31.1875,"[12, 19, 23, 24, 26, 26, 28, 30, 31, 33, 37, 38, 40, 42, 44, 46]","{'dimensions': (500, 500), 'num_agents': 20, 'theory_of_mind': 5, 'panic_dynamic': [3, 4], 'agent_boundaries': [25, 475, 115, 475], 'obstacles': [<src.model.entities.Obstacle.Obstacle object at 0x11E5B1F0>, <src.model.entities.Obstacle.Obstacle object at 0x11E5B220>, <src.model.entities.Obstacle.Obstacle object at 0x11E5B250>, <src.model.entities.Obstacle.Obstacle object at 0x11E5B280>], 'exits': [<src.model.entities.Exit.Exit object at 0x11E5B2B0>, <src.model.entities.Exit.Exit object at 0x11E5B2E0>], 'hazard': <src.model.entities.Hazard.Hazard object at 0x11E5B310>}",False,True,"[0, 0]",500,500,20
87,17,87,25.333333333333332,"[18, 28, 30]",47,32.411764705882355,"[13, 20, 22, 24, 26, 28, 31, 32, 33, 35, 36, 37, 40, 42, 42, 44, 46]","{'dimensions': (500, 500), 'num_agents': 20, 'theory_of_mind': 5, 'panic_dynamic': [3, 4], 'agent_boundaries': [25, 475, 115, 475], 'obstacles': [<src.model.entities.Obstacle.Obstacle object at 0x11E5B1F0>, <src.model.entities.Obstacle.Obstacle object at 0x11E5B220>, <src.model.entities.Obstacle.Obstacle object at 0x11E5B250>, <src.model.entities.Obstacle.Obstacle object at 0x11E5B280>], 'exits': [<src.model.entities.Exit.Exit object at 0x11E5B2B0>, <src.model.entities.Exit.Exit object at 0x11E5B2E0>], 'hazard': <src.model.entities.Hazard.Hazard object at 0x11E5B310>}",False,True,"[0, 0]",500,500,20
88,17,88,24.0,"[15, 18, 39]",56,35.35294117647059,"[13, 21, 26, 28, 28, 30, 32, 33, 34, 35, 35, 37, 45, 47, 49, 53, 55]","{'dimensions': (500, 500), 'num_agents': 20, 'theory_of_mind': 5, 'panic_dynamic': [3, 4], 'agent_boundaries': [25, 475, 115, 475], 'obstacles': [<src.model.entities.Obstacle.Obstacle object at 0x11E5B1F0>, <src.model.entities.Obstacle.Obstacle object at 0x11E5B220>, <src.model.entities.Obstacle.Obstacle object at 0x11E5B250>, <src.model.entities.Obstacle.Obstacle object at 0x11E5B280>], 'exits': [<src.model.entities.Exit.Exit object at 0x11E5B2B0>, <src.model.entities.Exit.Exit object at 0x11E5B2E0>], 'hazard': <src.model.entities.Hazard.Hazard object at 0x11E5B310>}",False,True,"[0, 0]",500,500,20
89,17,89,39.0,"[34, 40, 43]",49,32.294117647058826,"[13, 15, 17, 21, 23, 25, 27, 29, 36, 37, 38, 41, 42, 44, 46, 47, 48]","{'dimensions': (500, 500), 'num_agents': 20, 'theory_of_mind': 5, 'panic_dynamic': [3, 4], 'agent_boundaries': [25, 475, 115, 475], 'obstacles': [<src.model.entities.Obstacle.Obstacle object at 0x11E5B1F0>, <src.model.entities.Obstacle.Obstacle object at 0x11E5B220>, <src.model.entities.Obstacle.Obstacle object at 0x11E5B250>, <src.model.entities.Obstacle.Obstacle object at 0x11E5B280>], 'exits': [<src.model.entities.Exit.Exit object at 0x11E5B2B0>, <src.model.entities.Exit.Exit object at 0x11E5B2E0>], 'hazard': <src.model.entities.Hazard.Hazard object at 0x11E5B310>}",False,True,"[0, 0]",500,500,20
90,18,90,35.5,"[26, 45]",49,30.72222222222222,"[14, 17, 19, 21, 23, 25, 27, 29, 30, 31, 32, 33, 35, 39, 41, 43, 46, 48]","{'dimensions': (500, 500), 'num_agents': 20, 'theory_of_mind': 5, 'panic_dynamic': [3, 4], 'agent_boundaries': [25, 475, 115, 475], 'obstacles': [<src.model.entities.Obstacle.Obstacle object at 0x11E5B1F0>, <src.model.entities.Obstacle.Obstacle object at 0x11E5B220>, <src.model.entities.Obstacle.Obstacle object at 0x11E5B250>, <src.model.entities.Obstacle.Obstacle object at 0x11E5B280>], 'exits': [<src.model.entities.Exit.Exit object at 0x11E5B2B0>, <src.model.entities.Exit.Exit object at 0x11E5B2E0>], 'hazard': <src.model.entities.Hazard.Hazard object at 0x11E5B310>}",False,True,"[0, 0]",500,500,20
91,18,91,32.0,"[28, 36]",50,29.0,"[12, 14, 17, 19, 22, 24, 25, 26, 27, 30, 31, 32, 34, 35, 38, 40, 47, 49]","{'dimensions': (500, 500), 'num_agents': 20, 'theory_of_mind': 5, 'panic_dynamic': [3, 4], 'agent_boundaries': [25, 475, 115, 475], 'obstacles': [<src.model.entities.Obstacle.Obstacle object at 0x11E5B1F0>, <src.model.entities.Obstacle.Obstacle object at 0x11E5B220>, <src.model.entities.Obstacle.Obstacle object at 0x11E5B250>, <src.model.entities.Obstacle.Obstacle object at 0x11E5B280>], 'exits': [<src.model.entities.Exit.Exit object at 0x11E5B2B0>, <src.model.entities.Exit.Exit object at 0x11E5B2E0>], 'hazard': <src.model.entities.Hazard.Hazard object at 0x11E5B310>}",False,True,"[0, 0]",500,500,20
92,18,92,37.5,"[33, 42]",53,31.5,"[11, 14, 16, 18, 21, 25, 27, 28, 30, 34, 36, 38, 40, 41, 44, 45, 47, 52]","{'dimensions': (500, 500), 'num_agents': 20, 'theory_of_mind': 5, 'panic_dynamic': [3, 4], 'agent_boundaries': [25, 475, 115, 475], 'obstacles': [<src.model.entities.Obstacle.Obstacle object at 0x11E5B1F0>, <src.model.entities.Obstacle.Obstacle object at 0x11E5B220>, <src.model.entities.Obstacle.Obstacle object at 0x11E5B250>, <src.model.entities.Obstacle.Obstacle object at 0x11E5B280>], 'exits': [<src.model.entities.Exit.Exit object at 0x11E5B2B0>, <src.model.entities.Exit.Exit object at 0x11E5B2E0>], 'hazard': <src.model.entities.Hazard.Hazard object at 0x11E5B310>}",False,True,"[0, 0]",500,500,20
93,18,93,37.0,"[22, 52]",55,35.22222222222222,"[13, 17, 24, 26, 28, 28, 31, 33, 35, 37, 39, 40, 41, 44, 46, 48, 50, 54]","{'dimensions': (500, 500), 'num_agents': 20, 'theory_of_mind': 5, 'panic_dynamic': [3, 4], 'agent_boundaries': [25, 475, 115, 475], 'obstacles': [<src.model.entities.Obstacle.Obstacle object at 0x11E5B1F0>, <src.model.entities.Obstacle.Obstacle object at 0x11E5B220>, <src.model.entities.Obstacle.Obstacle object at 0x11E5B250>, <src.model.entities.Obstacle.Obstacle object at 0x11E5B280>], 'exits': [<src.model.entities.Exit.Exit object at 0x11E5B2B0>, <src.model.entities.Exit.Exit object at 0x11E5B2E0>], 'hazard': <src.model.entities.Hazard.Hazard object at 0x11E5B310>}",False,True,"[0, 0]",500,500,20
94,18,94,31.5,"[22, 41]",58,33.77777777777778,"[12, 15, 20, 22, 24, 27, 29, 31, 32, 34, 36, 37, 39, 44, 44, 51, 54, 57]","{'dimensions': (500, 500), 'num_agents': 20, 'theory_of_mind': 5, 'panic_dynamic': [3, 4], 'agent_boundaries': [25, 475, 115, 475], 'obstacles': [<src.model.entities.Obstacle.Obstacle object at 0x11E5B1F0>, <src.model.entities.Obstacle.Obstacle object at 0x11E5B220>, <src.model.entities.Obstacle.Obstacle object at 0x11E5B250>, <src.model.entities.Obstacle.Obstacle object at 0x11E5B280>], 'exits': [<src.model.entities.Exit.Exit object at 0x11E5B2B0>, <src.model.entities.Exit.Exit object at 0x11E5B2E0>], 'hazard': <src.model.entities.Hazard.Hazard object at 0x11E5B310>}",False,True,"[0, 0]",500,500,20
95,19,95,25.0,[25],52,32.473684210526315,"[14, 16, 20, 22, 27, 27, 29, 29, 31, 31, 33, 35, 35, 37, 39, 45, 47, 49, 51]","{'dimensions': (500, 500), 'num_agents': 20, 'theory_of_mind': 5, 'panic_dynamic': [3, 4], 'agent_boundaries': [25, 475, 115, 475], 'obstacles': [<src.model.entities.Obstacle.Obstacle object at 0x11E5B1F0>, <src.model.entities.Obstacle.Obstacle object at 0x11E5B220>, <src.model.entities.Obstacle.Obstacle object at 0x11E5B250>, <src.model.entities.Obstacle.Obstacle object at 0x11E5B280>], 'exits': [<src.model.entities.Exit.Exit object at 0x11E5B2B0>, <src.model.entities.Exit.Exit object at 0x11E5B2E0>], 'hazard': <src.model.entities.Hazard.Hazard object at 0x11E5B310>}",False,True,"[0, 0]",500,500,20
96,19,96,42.0,[42],51,33.26315789473684,"[19, 21, 23, 24, 26, 28, 28, 30, 30, 32, 32, 35, 37, 39, 40, 44, 46, 48, 50]","{'dimensions': (500, 500), 'num_agents': 20, 'theory_of_mind': 5, 'panic_dynamic': [3, 4], 'agent_boundaries': [25, 475, 115, 475], 'obstacles': [<src.model.entities.Obstacle.Obstacle object at 0x11E5B1F0>, <src.model.entities.Obstacle.Obstacle object at 0x11E5B220>, <src.model.entities.Obstacle.Obstacle object at 0x11E5B250>, <src.model.entities.Obstacle.Obstacle object at 0x11E5B280>], 'exits': [<src.model.entities.Exit.Exit object at 0x11E5B2B0>, <src.model.entities.Exit.Exit object at 0x11E5B2E0>], 'hazard': <src.model.entities.Hazard.Hazard object at 0x11E5B310>}",False,True,"[0, 0]",500,500,20
97,19,97,28.0,[28],200,35.44444444444444,"[20, 22, 24, 26, 28, 29, 29, 31, 32, 33, 37, 39, 42, 44, 46, 48, 53, 55]","{'dimensions': (500, 500), 'num_agents': 20, 'theory_of_mind': 5, 'panic_dynamic': [3, 4], 'agent_boundaries': [25, 475, 115, 475], 'obstacles': [<src.model.entities.Obstacle.Obstacle object at 0x11E5B1F0>, <src.model.entities.Obstacle.Obstacle object at 0x11E5B220>, <src.model.entities.Obstacle.Obstacle object at 0x11E5B250>, <src.model.entities.Obstacle.Obstacle object at 0x11E5B280>], 'exits': [<src.model.entities.Exit.Exit object at 0x11E5B2B0>, <src.model.entities.Exit.Exit object at 0x11E5B2E0>], 'hazard': <src.model.entities.Hazard.Hazard object at 0x11E5B310>}",False,True,"[0, 0]",500,500,20
98,19,98,39.0,[39],200,34.0,"[11, 17, 19, 22, 24, 26, 28, 32, 33, 37, 38, 40, 44, 45, 46, 48, 50, 52]","{'dimensions': (500, 500), 'num_agents': 20, 'theory_of_mind': 5, 'panic_dynamic': [3, 4], 'agent_boundaries': [25, 475, 115, 475], 'obstacles': [<src.model.entities.Obstacle.Obstacle object at 0x11E5B1F0>, <src.model.entities.Obstacle.Obstacle object at 0x11E5B220>, <src.model.entities.Obstacle.Obstacle object at 0x11E5B250>, <src.model.entities.Obstacle.Obstacle object at 0x11E5B280>], 'exits': [<src.model.entities.Exit.Exit object at 0x11E5B2B0>, <src.model.entities.Exit.Exit object at 0x11E5B2E0>], 'hazard': <src.model.entities.Hazard.Hazard object at 0x11E5B310>}",False,True,"[0, 0]",500,500,20
99,19,99,50.0,[50],53,33.89473684210526,"[12, 16, 18, 20, 23, 26, 29, 33, 35, 37, 39, 40, 41, 42, 43, 44, 46, 48, 52]","{'dimensions': (500, 500), 'num_agents': 20, 'theory_of_mind': 5, 'panic_dynamic': [3, 4], 'agent_boundaries': [25, 475, 115, 475], 'obstacles': [<src.model.entities.Obstacle.Obstacle object at 0x11E5B1F0>, <src.model.entities.Obstacle.Obstacle object at 0x11E5B220>, <src.model.entities.Obstacle.Obstacle object at 0x11E5B250>, <src.model.entities.Obstacle.Obstacle object at 0x11E5B280>], 'exits': [<src.model.entities.Exit.Exit object at 0x11E5B2B0>, <src.model.entities.Exit.Exit object at 0x11E5B2E0>], 'hazard': <src.model.entities.Hazard.Hazard object at 0x11E5B310>}",False,True,"[0, 0]",500,500,20
100,20,100,0.0,[],50,31.35,"[17, 19, 21, 24, 25, 26, 27, 27, 28, 29, 30, 33, 35, 36, 37, 39, 40, 41, 44, 49]","{'dimensions': (500, 500), 'num_agents': 20, 'theory_of_mind': 5, 'panic_dynamic': [3, 4], 'agent_boundaries': [25, 475, 115, 475], 'obstacles': [<src.model.entities.Obstacle.Obstacle object at 0x11E5B1F0>, <src.model.entities.Obstacle.Obstacle object at 0x11E5B220>, <src.model.entities.Obstacle.Obstacle object at 0x11E5B250>, <src.model.entities.Obstacle.Obstacle object at 0x11E5B280>], 'exits': [<src.model.entities.Exit.Exit object at 0x11E5B2B0>, <src.model.entities.Exit.Exit object at 0x11E5B2E0>], 'hazard': <src.model.entities.Hazard.Hazard object at 0x11E5B310>}",False,True,"[0, 0]",500,500,20
101,20,101,0.0,[],45,29.55,"[13, 16, 18, 20, 22, 24, 26, 26, 28, 30, 30, 32, 34, 34, 35, 37, 37, 42, 43, 44]","{'dimensions': (500, 500), 'num_agents': 20, 'theory_of_mind': 5, 'panic_dynamic': [3, 4], 'agent_boundaries': [25, 475, 115, 475], 'obstacles': [<src.model.entities.Obstacle.Obstacle object at 0x11E5B1F0>, <src.model.entities.Obstacle.Obstacle object at 0x11E5B220>, <src.model.entities.Obstacle.Obstacle object at 0x11E5B250>, <src.model.entities.Obstacle.Obstacle object at 0x11E5B280>], 'exits': [<src.model.entities.Exit.Exit object at 0x11E5B2B0>, <src.model.entities.Exit.Exit object at 0x11E5B2E0>], 'hazard': <src.model.entities.Hazard.Hazard object at 0x11E5B310>}",False,True,"[0, 0]",500,500,20
102,20,102,0.0,[],50,33.2,"[12, 19, 21, 25, 28, 29, 30, 31, 32, 33, 33, 35, 36, 38, 40, 40, 42, 44, 47, 49]","{'dimensions': (500, 500), 'num_agents': 20, 'theory_of_mind': 5, 'panic_dynamic': [3, 4], 'agent_boundaries': [25, 475, 115, 475], 'obstacles': [<src.model.entities.Obstacle.Obstacle object at 0x11E5B1F0>, <src.model.entities.Obstacle.Obstacle object at 0x11E5B220>, <src.model.entities.Obstacle.Obstacle object at 0x11E5B250>, <src.model.entities.Obstacle.Obstacle object at 0x11E5B280>], 'exits': [<src.model.entities.Exit.Exit object at 0x11E5B2B0>, <src.model.entities.Exit.Exit object at 0x11E5B2E0>], 'hazard': <src.model.entities.Hazard.Hazard object at 0x11E5B310>}",False,True,"[0, 0]",500,500,20
103,20,103,0.0,[],49,29.85,"[13, 15, 17, 19, 21, 22, 25, 27, 27, 29, 31, 32, 35, 36, 37, 38, 39, 41, 45, 48]","{'dimensions': (500, 500), 'num_agents': 20, 'theory_of_mind': 5, 'panic_dynamic': [3, 4], 'agent_boundaries': [25, 475, 115, 475], 'obstacles': [<src.model.entities.Obstacle.Obstacle object at 0x11E5B1F0>, <src.model.entities.Obstacle.Obstacle object at 0x11E5B220>, <src.model.entities.Obstacle.Obstacle object at 0x11E5B250>, <src.model.entities.Obstacle.Obstacle object at 0x11E5B280>], 'exits': [<src.model.entities.Exit.Exit object at 0x11E5B2B0>, <src.model.entities.Exit.Exit object at 0x11E5B2E0>], 'hazard': <src.model.entities.Hazard.Hazard object at 0x11E5B310>}",False,True,"[0, 0]",500,500,20
104,20,104,0.0,[],53,33.8,"[11, 17, 19, 21, 23, 28, 30, 31, 32, 34, 36, 38, 38, 41, 42, 43, 44, 47, 49, 52]","{'dimensions': (500, 500), 'num_agents': 20, 'theory_of_mind': 5, 'panic_dynamic': [3, 4], 'agent_boundaries': [25, 475, 115, 475], 'obstacles': [<src.model.entities.Obstacle.Obstacle object at 0x11E5B1F0>, <src.model.entities.Obstacle.Obstacle object at 0x11E5B220>, <src.model.entities.Obstacle.Obstacle object at 0x11E5B250>, <src.model.entities.Obstacle.Obstacle object at 0x11E5B280>], 'exits': [<src.model.entities.Exit.Exit object at 0x11E5B2B0>, <src.model.entities.Exit.Exit object at 0x11E5B2E0>], 'hazard': <src.model.entities.Hazard.Hazard object at 0x11E5B310>}",False,True,"[0, 0]",500,500,20
